n,Mandante,Visitante,prob_H,prob_D,prob_A,gols_esperados_mandante,gols_esperados_visitante,gols_esperados_total,prob_over_25,prob_under_25,prob_ambas_marcam,prob_mandante_marca,prob_visitante_marca,placar_mais_provavel,prob_placar_mais_provavel,multigols_0_1,multigols_0_2,multigols_0_3,multigols_1_2,multigols_1_3,multigols_1_4,multigols_2_3,multigols_2_4,multigols_2_5,multigols_3_4,multigols_3_5,multigols_3_6,mais_de_0_5,mais_de_1_5,mais_de_2_5,mais_de_3_5,mais_de_4_5,escanteios_mandante,escanteios_visitante,escanteios_total,escanteios_mais_7_5,escanteios_mais_8_5,escanteios_mais_9_5,escanteios_mais_10_5,escanteios_mais_11_5,escanteios_mais_12_5,cartoes_mandante,cartoes_visitante,cartoes_total,cartoes_mais_2_5,cartoes_mais_3_5,cartoes_mais_4_5,cartoes_mais_5_5,cartoes_mais_6_5,sem_historico_stats,palpite_1x2,palpite_seguro,palpite_seguro_prob,dupla_1x,dupla_12,dupla_x2,menos_de_2_5,ambas_nao
1,Athletico-PR,Atletico-MG,0.4558746398421401,0.26851343048742365,0.2756119296704361,1.3796872741722013,1.0066885284860776,2.386375802658279,0.42672819231832404,0.5732718076816758,0.473378218688515,0.7483432995838628,0.6345729561344537,1-0,0.128379448561359,0.31291887828502496,0.5732718076816758,0.7815653507144341,0.4828098447114775,0.6911033877442359,0.8153701856480159,0.4686464724294092,0.5929132703331893,0.6522227883774634,0.33256034093653836,0.39186985898081234,0.41545901681152914,0.9095380370298014,0.687081121714975,0.42672819231832404,0.21843464928556572,0.09416785138178563,5.447800061078211,4.817704122572146,10.265504183650357,0.7802927652436159,0.676646368764005,0.5623743398054958,0.4472567657110156,0.34024634523441666,0.2477121496732072,2.7128732492654986,2.739875301738387,5.452748551003886,0.9021750760727129,0.7846440360477009,0.6284707590073817,0.4607019390220427,0.3089453572804002,não,Casa,Multi-gols 1-4,0.8153701856480159,0.7243880703295638,0.7314865695125762,0.5441253601578597,0.573271807681676,0.5266217813114851
2,Athletico-PR,Palmeiras,0.30797268672304107,0.27838963927470417,0.41363767400225465,1.0436254728788887,1.2580291894777527,2.301654662356641,0.40440014991120604,0.5955998500887938,0.4621606280334047,0.6478244875257102,0.7157866437725597,1-1,0.12986984511847963,0.33201606965979474,0.5955998500887938,0.7990104211624182,0.49705035335365905,0.7004609244272834,0.8175062043928275,0.46699435150262336,0.5840396314681674,0.6379192208716269,0.32045585103916846,0.37433544044262795,0.3950041519813017,0.9014505032648652,0.6679839303402051,0.40440014991120604,0.2009895788375819,0.08394429887203768,4.6884036416382,5.522014858860077,10.210418500498276,0.7758083983160591,0.6710969659074366,0.5561768895662176,0.4409341244039011,0.33429558553734373,0.24250324511633836,2.9542828947767568,2.479867318451545,5.4341502132283015,0.9009656238402977,0.7825046924813165,0.6256026583728209,0.4575937200676021,0.30610930296677596,não,Fora,Multi-gols 1-4,0.8175062043928275,0.5863623259977453,0.7216103607252957,0.6920273132769588,0.595599850088794,0.5378393719665953
3,Athletico-PR,Remo,0.6210335562433811,0.21224770653912547,0.1667187372174935,1.9348188998758207,0.8844796214800857,2.8192985213559068,0.5351444644952766,0.46485553550472336,0.5010737565404222,0.855556870549716,0.5870710142232266,1-0,0.11660406055962558,0.22900338754309557,0.46485553550472336,0.687632553823219,0.40640966373724374,0.6291866820557394,0.7862085677614441,0.4586291662801234,0.6156510519858281,0.7041911456693729,0.37979890402420036,0.46833899770774506,0.5099433264836267,0.9415541282325202,0.7709966124569044,0.5351444644952766,0.3123674461767811,0.15534556047107628,6.395894066910514,4.3449481210541565,10.74084218796467,0.8161361938016719,0.7219532475798971,0.6140626899659527,0.5011323689318238,0.39205857014207623,0.2940594770217819,2.510934332591462,2.7540304789270644,5.264964811518526,0.889316583897235,0.7622402448144229,0.5988828472825366,0.42911192828446154,0.280545886607644,sim,Casa,Casa ou empate (1X),0.8332812627825066,0.8332812627825066,0.7877522934608746,0.378966443756619,0.46485553550472336,0.4989262434595778
4,Athletico-PR,Sao Paulo,0.4628072585967518,0.27609693388639417,0.261095807516854,1.3329528064337972,0.9247317913326498,2.2576845977664473,0.3927103979554506,0.6072896020445494,0.4427431474320937,0.7363029430834248,0.603362230024678,1-0,0.1409309009976386,0.3422428625572131,0.6072896020445494,0.807893296508872,0.5042116277205585,0.704815322184881,0.818040378332609,0.4656504339516589,0.5788754900993869,0.6300008230555502,0.3138287506120505,0.3649540835682137,0.3841915780387268,0.896922025676009,0.657757137442787,0.3927103979554506,0.19210670349112802,0.07888164734340007,5.169098742781668,4.790364055501434,9.959462798283102,0.7544859843965535,0.6450492585432406,0.5274598417238844,0.41201106355820305,0.3074203329920152,0.21927713694128248,2.9609328825106385,2.873021361192217,5.8339542437028555,0.9241494887672911,0.8248073218992495,0.6841264179344173,0.5230666554539409,0.36780267439367087,não,Casa,Multi-gols 1-4,0.818040378332609,0.738904192483146,0.7239030661136059,0.5371927414032482,0.6072896020445494,0.5572568525679062
5,Athletico-PR,Vasco,0.5608292264032935,0.2324985058965196,0.20667226770018704,1.748808343916351,0.9592677257001954,2.7080760696165465,0.5083561067410661,0.4916438932589339,0.5081990658733141,0.8260223433190085,0.6168266518000095,1-0,0.11789688822283062,0.2485087350320344,0.4916438932589339,0.7123076082677393,0.42629382250463776,0.6469575375134431,0.7963523104454174,0.46379887323570484,0.6131936461676791,0.6941088004457824,0.3700584879407796,0.4509736422188831,0.48749467785796413,0.9346499292457038,0.7514912649679656,0.5083561067410661,0.2876923917322607,0.1382976188002864,6.076808001843555,4.470211693815177,10.547019695658733,0.8021296078975364,0.7040413352594117,0.5933907566771983,0.4793378780687766,0.37085990444321326,0.2748825844880385,2.476236513302904,2.842402401469714,5.318638914772618,0.8931413554144375,0.768827355539506,0.6074810844040395,0.4381844954606562,0.28860597193217696,não,Casa,Multi-gols 1-4,0.7963523104454174,0.7933277322998131,0.7675014941034806,0.43917077359670664,0.4916438932589339,0.4918009341266859
6,Atletico-MG,Bragantino,0.512882686211862,0.252716665258713,0.2344006485294253,1.5484607154350365,0.9548446536560992,2.503305369091136,0.4570359312757307,0.5429640687242693,0.482947349799624,0.7874264335146145,0.615128093774383,1-0,0.12810649530133242,0.28803936685251086,0.5429640687242693,0.7568683548586373,0.46257124621364243,0.6764755323480106,0.8103428571889458,0.46882898800612655,0.6026963128470616,0.669718665634556,0.3477716109753033,0.41479396376279765,0.4427569473767904,0.9196071774893733,0.7119606331474891,0.4570359312757307,0.24313164514136265,0.10926432030042751,6.572350095764926,5.136247133606167,11.708597229371094,0.8744637540569844,0.7998002470954972,0.7078661600182434,0.6044327816670874,0.4970517423599461,0.39334995590970445,2.5191872574683383,3.032973463196918,5.552160720665256,0.9084124203698788,0.7957888660222476,0.64356389029001,0.4772253139821867,0.3241758525075401,não,Casa,Multi-gols 1-4,0.8103428571889458,0.765599351470575,0.7472833347412873,0.4871173137881383,0.5429640687242693,0.517052650200376
7,Atletico-MG,Corinthians,0.4868461579773997,0.2697344500648408,0.24341939195775902,1.3974980662630547,0.8994264914562979,2.296924557719353,0.4031460098406526,0.5968539901593471,0.4450657206330135,0.752785894362339,0.5931971150255061,1-0,0.14202773511155567,0.33304814397669547,0.5968539901593471,0.7999716893830583,0.49777127891417916,0.7008889781378902,0.8175256251386648,0.4669235454063627,0.5835601924071373,0.6371413720899575,0.3197543462244858,0.3733355259073059,0.3938475382838246,0.9009172887548317,0.6669518560233042,0.4031460098406526,0.20002831061694162,0.08339166361616686,6.764137656404531,3.709374876620188,10.473512533024719,0.7966003397131887,0.6970450062291469,0.5854017094269865,0.47100415690684627,0.36283995142433967,0.26770455378010305,2.333337414820514,2.519168393264167,4.852505808084681,0.855520447309835,0.7065516309249029,0.5292997959567945,0.35879504098488624,0.22068857593784752,não,Casa,Multi-gols 1-4,0.8175256251386648,0.7565806080422406,0.7302655499351587,0.5131538420225998,0.5968539901593475,0.5549342793669865
8,Atletico-MG,Coritiba,0.6255947034866065,0.20947397276256205,0.16493132375083164,1.9649986142691234,0.8920380607880289,2.8570366750571523,0.54404249712721,0.45595750287278997,0.5062852831072817,0.8598520611811852,0.5901803482237974,1-0,0.1140466892439231,0.22271661510920507,0.45595750287278997,0.6792146745098838,0.3997046291704909,0.6229618008075846,0.7824289211756024,0.4564980594006786,0.6159651797686965,0.7070879411724975,0.3827242920051116,0.4738470534089125,0.5172382220015956,0.9437471262977009,0.7772833848907948,0.54404249712721,0.3207853254901162,0.1613182051220984,7.553830696512122,3.5904540671856253,11.144284763697748,0.8427170379388269,0.7567374872187972,0.6551447216241899,0.5454599453232039,0.436186993294029,0.33491934153848235,2.543586070944969,3.409130990421779,5.952717061366748,0.9299950444515083,0.8359489277454627,0.7002219157519034,0.541863156151063,0.38628462976167366,não,Casa,Casa ou empate (1X),0.8350686762491686,0.8350686762491686,0.7905260272374381,0.3744052965133937,0.45595750287279,0.4937147168927183
9,Atletico-MG,Cruzeiro,0.4378557505456411,0.2783396104530993,0.2838046390012595,1.2909465201017785,0.9794408752279224,2.270387395329701,0.3960938932174814,0.6039061067825187,0.45120734380750455,0.7249899536581615,0.624479024602891,1-0,0.13485248694057483,0.3392733943637659,0.6039061067825187,0.8053398295873179,0.5021677412360668,0.703601464040866,0.8179346778365342,0.46606643522355196,0.5803996490192201,0.6323158171556291,0.3157669366004674,0.3676831047368765,0.38732808529041896,0.8982616344535481,0.6607266056362339,0.3960938932174814,0.1946601704126821,0.08032695661701389,5.234119913290575,4.757698224470763,9.991818137761339,0.7573178743385247,0.6484772044820686,0.5312045049110355,0.41574794896848233,0.3108606201479813,0.22222277408169755,3.0097580598548404,2.9397121540649316,5.949470213919772,0.9298409965956105,0.8356525752850827,0.6997898169275498,0.5413538714455227,0.385779243378201,não,Casa,Multi-gols 1-4,0.8179346778365342,0.7161953609987404,0.7216603895469006,0.5621442494543588,0.6039061067825187,0.5487926561924954
10,Atletico-MG,Santos,0.5291673649695039,0.24458805735409403,0.22624457767640216,1.627929983029036,0.9697032452393157,2.597633228268352,0.4809783762039527,0.5190216237960474,0.49753934890486184,0.803666451674171,0.6208044759630866,1-0,0.12257867692915445,0.2692207308431618,0.5190216237960474,0.7365148690629995,0.44595320252844334,0.6634464477953953,0.8046889981537048,0.46729413821983756,0.608536688578147,0.6819162843710497,0.35873579562526126,0.43211539141816413,0.4638844125398094,0.926931578732396,0.7307792691568381,0.4809783762039527,0.26348513093700066,0.12224258057869142,6.634682123079246,3.992082966714662,10.626765089793908,0.8079922699157905,0.7115051832471444,0.6019661313869473,0.4883382993334109,0.3795747892415895,0.2827306260100291,2.786860628539003,3.0251333737690946,5.811994002308097,0.9230198852845709,0.8226782261008685,0.6810849272051346,0.5195544392795953,0.36438790186352454,não,Casa,Multi-gols 1-4,0.8046889981537048,0.773755422323598,0.755411942645906,0.4708326350304962,0.5190216237960473,0.5024606510951382
11,Atletico-MG,Vasco,0.570232177381576,0.22851966486364084,0.20124815775478327,1.7890643388654233,0.9591022229313154,2.7481665617967383,0.518105278463434,0.48189472153656615,0.5124037563538081,0.8328876720861673,0.6167632302619309,1-0,0.11587060834783686,0.24133854967198165,0.48189472153656615,0.7034421524784847,0.4191418675308561,0.6406892984727747,0.7929031458048362,0.46210360280650303,0.6143174501385648,0.6979800959968314,0.37376127827398015,0.45742392413224686,0.4957441253638742,0.9372471459942899,0.7586614503280186,0.518105278463434,0.2965578475215155,0.1443440001894538,6.273454912379506,4.052958669567162,10.326413581946667,0.7851700053493875,0.682710947523868,0.5691796665764163,0.45423292170991436,0.34684373150892667,0.25351482025147387,2.4434911214157276,3.0040416328099653,5.447532754225692,0.901837269820486,0.7840458113317539,0.6276678197180545,0.45983076666152267,0.30814954462621513,não,Casa,Casa ou empate (1X),0.7987518422452169,0.7987518422452169,0.7714803351363593,0.4297678226184241,0.481894721536566,0.4875962436461919
12,Bahia,Atletico-MG,0.44328135984336164,0.25919933801004025,0.29751930214659816,1.4381528111635096,1.1275873384288542,2.5657401495923633,0.47293685951276077,0.5270631404872392,0.5142195079962751,0.7626349445305622,0.6761865301282362,1-1,0.1231790969023286,0.2755341956292967,0.5270631404872392,0.7434348277469462,0.45166510714976277,0.6680367944094698,0.8068253864063614,0.46790063211764965,0.6066892241145411,0.6779084247869819,0.3551602792565986,0.42637947992903935,0.4568345199257404,0.9246019666625235,0.7244658043707033,0.47293685951276077,0.25656517225305364,0.1177765802561622,5.467501453921705,4.655637874032644,10.123139327954348,0.7685594720090574,0.6621795140049865,0.5462769915566086,0.43089396662737445,0.3249018160503474,0.23432913376167963,2.5923246389219154,2.681874418623912,5.274199057545827,0.8899833836465493,0.763384091862749,0.6003700228503411,0.43067493059413475,0.2819289511290559,não,Casa,Multi-gols 1-4,0.8068253864063614,0.702480697853402,0.7408006619899599,0.5567186401566384,0.5270631404872392,0.48578049200372486
13,Bahia,Coritiba,0.6074996256619953,0.2091524075113548,0.18334796682664986,2.002164339043012,0.9993404006881613,3.0015047397311734,0.5771607047070413,0.42283929529295855,0.5453850154435419,0.8649665966505613,0.6318778591575551,1-0,0.1006972188469562,0.20008200702493004,0.42283929529295855,0.6468828924348756,0.3742987356575331,0.5983423327994503,0.7664636395948559,0.4468008854099457,0.6149221922053513,0.7158481696817476,0.39216490393732284,0.4930908814137191,0.5435804808767717,0.9514594403645745,0.7999179929750699,0.5771607047070413,0.35311710756512404,0.18499580076971847,7.343510626402079,3.8268757206037423,11.17038634700582,0.8443212088806952,0.7588719862570392,0.6577078027234063,0.5482715018357132,0.43903223419394843,0.3375972194358958,2.463131965889934,3.1574097304452655,5.6205416963351995,0.9124874143346177,0.8031750160823384,0.6537108458966473,0.4884936867194838,0.33471187793430335,não,Casa,Casa ou empate (1X),0.8166520331733501,0.8166520331733501,0.7908475924886452,0.39250037433800467,0.4228392952929587,0.4546149845564581
14,Bahia,Flamengo RJ,0.29868717192943695,0.24959390007112964,0.4517189279994336,1.197300820451801,1.5325004500603199,2.729801270512121,0.5136486990956367,0.4863513009043633,0.5458242477842224,0.6979918764613111,0.7840063542831253,1-1,0.11828630064669252,0.24470806656723318,0.4863513009043633,0.7075104156646298,0.4225252838645771,0.6436843986248436,0.7946149004636264,0.46280234909739665,0.6137328509361794,0.6961351210302702,0.37208961659904943,0.45449188669314,0.4919822880916613,0.9361739829602138,0.7552919334327668,0.5136486990956367,0.2924895843353702,0.14155908249658727,5.640669119566969,4.839219985204034,10.479889104771003,0.7970847802187899,0.6976563322636433,0.5860978970069027,0.4717284220863234,0.3635350662768214,0.26832501537208475,2.7231608595702315,2.4758123016519975,5.198973161222229,0.8844431012797652,0.7539369114458097,0.5881604390050921,0.4179190868716596,0.2707085199640411,não,Fora,Multi-gols 1-4,0.7946149004636264,0.5482810720005666,0.7504060999288705,0.7013128280705632,0.4863513009043633,0.45417575221577755
15,Bahia,Mirassol,0.4507040714666093,0.24779300535054807,0.3015029231828425,1.5483686456169519,1.2196212685858976,2.7679899142028495,0.5228827451647677,0.47711725483523226,0.5534600514566477,0.787406860236152,0.7046581908621578,1-1,0.11717762739129207,0.23797634237110038,0.47711725483523226,0.6990493732676452,0.4157222544768943,0.6376543729093074,0.7912312780243269,0.46107303089654483,0.6146499360115645,0.6996700437861518,0.37550902354743265,0.46052913132201995,0.4997517101801974,0.9386049996416619,0.7620236576288996,0.5228827451647677,0.3009506267323546,0.14737372161733492,6.419024141469939,4.198785255057717,10.617809396527656,0.8073408726076308,0.7106735273507803,0.6010079177923238,0.48732974581393873,0.3785954724384454,0.2818462298575588,2.399359033399049,2.695729942475424,5.095088975874473,0.8763750247040263,0.7404028092489536,0.5709527016674524,0.4002328964969256,0.25540316576547095,sim,Casa,Multi-gols 1-4,0.7912312780243269,0.6984970768171573,0.7522069946494518,0.5492959285333906,0.47711725483523226,0.4465399485433523
16,Bahia,Sao Paulo,0.451622690447422,0.26659911988274737,0.28177818966983054,1.3894381874161585,1.0357880654437408,2.425226252859899,0.4368685292600406,0.5631314707399593,0.4828014380855278,0.7507852946427072,0.6450534964654318,1-1,0.1258103742676258,0.304483761674612,0.5631314707399593,0.7734335427085817,0.47616882376257025,0.6864708957311928,0.8139785643294313,0.4689497810339698,0.5964574496322083,0.658304507625185,0.33780974056686097,0.39965679855983766,0.42465567787194486,0.9130373530226109,0.6955162383253881,0.4368685292600406,0.2265664572914181,0.0990587886931797,5.187792241778802,4.629217519337835,9.817009761116637,0.7417237859786898,0.6297169792663071,0.5108366525223115,0.395546683194298,0.29237611834134847,0.20649220309586636,2.829361551485897,2.8122018866525655,5.641563438138462,0.9137060249178086,0.8054005498853883,0.6567913766668706,0.49194052055293636,0.337959017346538,não,Casa,Multi-gols 1-4,0.8139785643294313,0.7182218103301694,0.7334008801172525,0.5483773095525779,0.5631314707399594,0.5171985619144722
17,Botafogo RJ,Atletico-MG,0.48862505663144257,0.2559640495558895,0.2554108938126679,1.5080055072145935,1.0117752815559127,2.519780788770506,0.46125197600950735,0.5387480239904927,0.4941118061490518,0.7786500887973287,0.636427075386017,1-0,0.12280215259442612,0.28470346830949145,0.5387480239904927,0.7533387101870702,0.4597133820247868,0.6743040682213642,0.8094847466022068,0.46863524187757877,0.6038159202584213,0.6719412098742621,0.34977136457742014,0.4178966541932609,0.4465068516763102,0.9209653580342939,0.7152965316905084,0.46125197600950735,0.2466612898129297,0.1114806114320871,4.655443532094074,5.011122803294354,9.666566335388428,0.7277230040576608,0.6131098158561157,0.4930593497983242,0.37816224997517245,0.2766923963638561,0.19333258122985653,2.5913947062766054,2.90486572561717,5.496260431893775,0.904951761545946,0.7895819598825704,0.6351263370508217,0.4679535116687139,0.3155975680925671,não,Casa,Multi-gols 1-4,0.8094847466022068,0.744589106187332,0.7440359504441105,0.5113749433685574,0.5387480239904927,0.5058881938509482
18,Botafogo RJ,Bahia,0.5292644464848163,0.23858343183199826,0.23215212168318558,1.6893920353339573,1.0309173867109735,2.720309422044931,0.511340573361787,0.4886594266382131,0.523197700898735,0.8153709487042343,0.6433204468260585,1-1,0.11334586841959388,0.2463432356692066,0.4886594266382131,0.709607277326105,0.42415312126977084,0.6451009719576627,0.7953635087309706,0.46326404165689844,0.6135265784302063,0.6952791906860071,0.3712103874611999,0.45296299971700055,0.49002862362525335,0.9354936946315577,0.7536567643307934,0.511340573361787,0.29039272267389504,0.14013018590058707,4.961991850679055,4.871598932338977,9.833590783018032,0.7432339689240206,0.631521494701148,0.5127825172393745,0.3974635092605301,0.2941180875032605,0.20796450765362517,2.400052941353777,2.812984277244264,5.213037218598041,0.885497818195834,0.7557255441299171,0.5904593825621784,0.4203076607792242,0.27279798274376854,não,Casa,Multi-gols 1-4,0.7953635087309706,0.7678478783168146,0.7614165681680019,0.4707355535151838,0.48865942663821305,0.47680229910126504
19,Botafogo RJ,Chapecoense-SC,0.717744160077261,0.17187206401669905,0.11038377590603991,2.2922634584899293,0.7708274284310057,3.0630908869209352,0.5908396840532566,0.40916031594674346,0.48211775383059663,0.8989854499556725,0.5373698864509467,2-0,0.12280438042553711,0.1908597921885443,0.40916031594674346,0.6330608220725559,0.36339789852276616,0.5872984046485785,0.7587696288569444,0.44220102988401155,0.6136722540923776,0.718727418960988,0.39537173033417833,0.5004268952027888,0.554063628890534,0.9542375825760225,0.8091402078114557,0.5908396840532566,0.3669391779274441,0.19546795371907819,5.972715547270636,4.376838755995734,10.34955430326637,0.7870007174283328,0.6849952289181999,0.5717518398154969,0.4568787941624284,0.34935460794858364,0.255730879012005,2.1073489639999465,2.4368015826819787,4.544150546681925,0.8245193118660992,0.6588988915296079,0.4737655508761738,0.3064617623033946,0.17915288958917208,não,Casa,Casa ou empate (1X),0.8896162240939601,0.8896162240939601,0.8281279359833009,0.28225583992273895,0.4091603159467434,0.5178822461694034
20,Botafogo RJ,Sao Paulo,0.4953647244177859,0.26263536204240323,0.24199991353981068,1.45692521052028,0.9294044230614186,2.3863296335816986,0.4267164215817889,0.573283578418211,0.4627642866568382,0.7670493904982029,0.6052112498528575,1-0,0.13545099611347927,0.3128911479342777,0.573283578418211,0.7815747675306493,0.48277993211243286,0.691071121224871,0.8153341928675955,0.46868361959637156,0.5929466912390957,0.6522533226521006,0.3325542607551625,0.3918608921681672,0.4154484611529332,0.9094963536942219,0.6871088520657224,0.4267164215817889,0.21842523246935058,0.09416216082662636,4.4172779909392945,4.982685101423095,9.39996309236239,0.7015886103545983,0.5826823452980692,0.46108799562556335,0.3474723841662246,0.24951315095009463,0.17094537028764967,2.8283465876836758,3.0460296042663266,5.874376191950002,0.926188415467476,0.8286696378873736,0.6896716174182305,0.5295022853920386,0.3740912432572556,não,Casa,Multi-gols 1-4,0.8153341928675955,0.7580000864601891,0.7373646379575965,0.5046352755822139,0.5732835784182111,0.5372357133431618
21,Botafogo RJ,Vasco,0.5964887406916014,0.2167404643288265,0.18677079497957233,1.9114343763763548,0.964114865209737,2.8755492415860915,0.5483675481104981,0.451632451889502,0.5259801975586228,0.8521385548873209,0.6186794536466326,1-0,0.10899493100470481,0.21973685158495407,0.451632451889502,0.6750819283899637,0.3964702628648325,0.6199197393652943,0.7805575697552761,0.4553450768050097,0.6159829071949916,0.7083689372060209,0.3840873068904437,0.47647333690147314,0.5207508820293234,0.9448378109753306,0.7802631484150461,0.5483675481104981,0.3249180716100363,0.1642802412200544,5.192965268692512,4.649679429144904,9.842644697837416,0.7440558380198257,0.632504639423838,0.5138438539937271,0.39851017238617414,0.29507033158849505,0.20877023671612427,2.365354221322113,3.0135668251772487,5.378921046499362,0.89729263848446,0.7760494825887279,0.6170040817452269,0.448335039006553,0.2977154686251857,não,Casa,Casa ou empate (1X),0.813229205020428,0.813229205020428,0.7832595356711738,0.4035112593083988,0.45163245188950185,0.4740198024413772
22,Bragantino,Chapecoense-SC,0.6526218856933692,0.20052208610763414,0.1468560281989966,2.035486375772566,0.8412579437115961,2.8767443194841626,0.5486531738728057,0.45134682612719446,0.49340637223671036,0.8693934742155518,0.5688322095819355,2-0,0.11666908097654248,0.21945005012031898,0.45134682612719446,0.6748091269150157,0.3961661376879713,0.6196284384757926,0.7803444148368099,0.45535907679469684,0.6160750531557141,0.7085456845476299,0.3841782771488387,0.4766489085407545,0.5209860152368339,0.9448193115607769,0.7805499498796811,0.5486531738728057,0.32519087308498423,0.16447489672396695,8.48447350145267,4.458389156739279,12.942862658191949,0.9252293142145411,0.872936849150633,0.8030068652307646,0.7175585112707402,0.6212140561613066,0.5201628526270888,2.280176488670831,2.2859019315131137,4.566078420183945,0.8269026683512976,0.6624592490309384,0.4777966235787101,0.310151125464989,0.1819958334783487,não,Casa,Casa ou empate (1X),0.8531439718010033,0.8531439718010033,0.7994779138923658,0.34737811430663074,0.45134682612719434,0.5065936277632896
23,Bragantino,Cruzeiro,0.3972471547048565,0.2796202460954009,0.3231325991997427,1.2246752078718337,1.074518961347815,2.2991941692196485,0.4037476658020015,0.5962523341979985,0.4634738900426857,0.706147072793699,0.6585380915641953,1-1,0.13048979177659628,0.3325907136206228,0.5962523341979985,0.799510745383455,0.49746360851320715,0.7007220196986637,0.8175547069475223,0.4669200317628321,0.5837527190116908,0.6374769481057977,0.32009109843431494,0.37381532752842206,0.3944024085052279,0.9012112743152089,0.6674092863793771,0.4037476658020015,0.20048925461654502,0.0836565673676865,6.154678486782613,5.5598766275455445,11.714555114328157,0.874767376997403,0.800220922441361,0.7083921536339635,0.6050335843142247,0.49768484019155457,0.3939704093315659,3.152455852117959,2.766413616437857,5.918869468555816,0.9283734680252869,0.8328369525077892,0.695695467705808,0.5365410567980804,0.38101603497937075,não,Casa,Multi-gols 1-4,0.8175547069475223,0.6768674008002574,0.7203797539045992,0.6027528452951436,0.5962523341979985,0.5365261099573143
24,Bragantino,Fluminense,0.415872385759962,0.2713699741201519,0.31275764011988605,1.3083632070008684,1.0952341979230225,2.4035974049238904,0.43123119883267225,0.5687688011673278,0.48414779900494553,0.7297382900488918,0.6655388078272924,1-1,0.1280073892552797,0.3091796641408485,0.5687688011673278,0.7779704460574719,0.47989810003856637,0.6890997449287104,0.8148089656421732,0.46879078191662327,0.5945000026300862,0.6549309162806344,0.33491086560360694,0.395341779254155,0.41955039407647843,0.9111292988712387,0.6908203358591514,0.43123119883267225,0.22202955394252816,0.09632033322906522,7.266805696152795,4.850986159440598,12.117791855593392,0.89389889915299,0.8271022855797583,0.7424802236252075,0.6445247473128298,0.5398946596621423,0.4359322829930373,2.7156571819356787,2.8922124778820915,5.60786965981777,0.911745151228244,0.8018232483246192,0.6518450328967609,0.4864118948797216,0.33275622404209737,não,Casa,Multi-gols 1-4,0.8148089656421732,0.6872423598801138,0.728630025879848,0.584127614240038,0.5687688011673278,0.5158522009950545
25,Bragantino,Mirassol,0.4291585761565018,0.2565522591289172,0.3142891647145811,1.4416106986797772,1.1943479008735307,2.635958599553308,0.4905605522096295,0.5094394477903705,0.5307540837145799,0.7634543262563697,0.6970987488233963,1-1,0.12191724178377734,0.26196563802446726,0.5094394477903705,0.7281565145996078,0.43923843915555655,0.6579555059647939,0.8020880206536856,0.4661908765751407,0.6103233912640325,0.6863089815743216,0.3628495814981291,0.43883517180841825,0.4722177037748395,0.9297989913651861,0.7380343619755326,0.4905605522096295,0.2718434854003921,0.12771097071150034,7.764155609043896,4.603593233379716,12.367748842423612,0.9044323404571994,0.8422404026240585,0.7621140353552536,0.6677877402528856,0.5653233756420804,0.4617842084205679,2.595203535965228,2.7390592936409965,5.334262829606224,0.894231779190934,0.7707169754085008,0.609962934336764,0.4408194908492675,0.29096139987641845,sim,Casa,Multi-gols 1-4,0.8020880206536856,0.6857108352854191,0.7434477408710829,0.5708414238434983,0.5094394477903705,0.4692459162854201
26,Bragantino,Santos,0.48551077913660884,0.2516378200089033,0.26285140085448766,1.5443628323453251,1.0638360720525972,2.608198904397923,0.483628179778975,0.5163718202210249,0.5136693279117939,0.78655351066565,0.6548707316254337,1-1,0.11960953484752852,0.26722593159513297,0.5163718202210249,0.7342156568588325,0.44412673460031493,0.6619705712381225,0.8040159773164457,0.4669897252636995,0.6090351313420228,0.6831318703615518,0.3598892427161306,0.43398598173565983,0.4661959095614898,0.9277549143792899,0.7327740684048669,0.483628179778975,0.26578434314116745,0.12373893706284436,7.801566644636804,4.6651737320579025,12.466740376694705,0.908342067134654,0.8479257697152216,0.7695749678170473,0.6767320577701426,0.5752155208109961,0.4719592144097243,2.9189904712469255,2.846799182417698,5.765789653664624,0.9205918272528222,0.8181270422399947,0.6746192592476519,0.5121292513996452,0.357208489802471,não,Casa,Multi-gols 1-4,0.8040159773164457,0.7371485991455121,0.7483621799910964,0.5144892208633909,0.516371820221025,0.48633067208820613
27,Bragantino,Vasco,0.5260406866426688,0.23784085081109663,0.23611846254623445,1.6972305830563228,1.0522059774536203,2.749436560509943,0.5184103627310734,0.48158963726892645,0.5302673028871118,0.8168126322426349,0.6508334077908879,1-1,0.11288679199447131,0.24116761320486768,0.48158963726892645,0.7031623116932776,0.4189683744153374,0.6405410488396885,0.7928420025620722,0.46199469848840996,0.6142956522107935,0.6980445370947623,0.3738736281467347,0.45762251303070356,0.49599979360513147,0.937378737146411,0.7588323867951323,0.5184103627310734,0.2968376883067223,0.14453673458433886,7.376808064519275,4.736313468440127,12.1131215329594,0.8936927715221213,0.8268085552950918,0.7421024930224398,0.6440810022168306,0.5394137399455186,0.4354475406416034,2.559341226808376,2.826950817569108,5.386292044377484,0.8977899671386971,0.7769198986048256,0.6181586828914419,0.4495730946032852,0.29883319041025547,não,Casa,Multi-gols 1-4,0.7928420025620722,0.7638815374537654,0.7621591491889033,0.4739593133573311,0.48158963726892656,0.46973269711288823
28,Chapecoense-SC,Athletico-PR,0.27393995755702966,0.2557650476809589,0.47029499476201125,1.0755093802778528,1.495692479535402,2.5712018598132547,0.4743180937573817,0.5256819062426182,0.5097827185578924,0.6588761150670016,0.7759076685933648,1-1,0.12152513630360218,0.2744389880956272,0.5256819062426182,0.7422523183078191,0.4506829713450924,0.6672533834102933,0.8064652365274635,0.46781333021219185,0.6070251833293621,0.6786136883832549,0.3557822651823711,0.4273707702362638,0.4580489173737406,0.9250010651024742,0.7255610119043727,0.4743180937573817,0.2577476816921809,0.11853582857501059,5.41793565920033,5.428298378102874,10.846234037303205,0.8234099829212618,0.7313657433173006,0.6250545769254642,0.512858644799739,0.4035994262171303,0.30462321822310157,2.124818628183791,2.3863570942376358,4.511175722421427,0.8208813517734369,0.6534955972697241,0.46768304257100124,0.30092683989352675,0.17491228820292326,não,Fora,Multi-gols 1-4,0.8064652365274635,0.5297050052379886,0.7442349523190409,0.7260600424429702,0.5256819062426183,0.49021728144210763
29,Chapecoense-SC,Cruzeiro,0.2511371038821672,0.2583446466517023,0.4905182494661305,0.9835165816074841,1.4889677351817436,2.4724843167892283,0.4491105256602027,0.5508894743397972,0.4833253541028931,0.6260064242873674,0.7743955827847393,0-1,0.12708273509585216,0.2944411658426844,0.5508894743397972,0.763440783868039,0.4679661273090107,0.6805174368372526,0.8119001497059375,0.46899961802535467,0.6003823308940397,0.6653508028514116,0.3439340223969269,0.40890249435429876,0.43567480364011374,0.9170766529692136,0.7055588341573156,0.4491105256602027,0.23655921613196085,0.1051765032632759,4.5716099543516915,6.103903518240378,10.675513472592069,0.8115071385439208,0.7160029716605087,0.6071602326520185,0.4938177912313184,0.38490762640842635,0.2875576144640588,2.5247925021339466,2.390604313315106,4.915396815449053,0.8612099616742822,0.7156331190743883,0.5402864616923376,0.36953946662399906,0.22953547864544532,não,Fora,Multi-gols 1-4,0.8119001497059375,0.5094817505338696,0.7416553533482977,0.7488628961178327,0.5508894743397973,0.5166746458971069
30,Chapecoense-SC,Fluminense,0.2638795510078149,0.25431707378588475,0.4818033752063004,1.0507254718406418,1.5176721339254569,2.568397605766099,0.4736094171855161,0.5263905828144839,0.5063177157945625,0.650316081096902,0.7807795557010975,1-1,0.12080769486775318,0.27498199206752444,0.5263905828144839,0.7428593942909507,0.45116850381792084,0.6676373152943877,0.8066321402456418,0.46787740222342633,0.6068722271746805,0.6782711921579759,0.355463636427721,0.42686260141101634,0.45742616257521584,0.9247779210034369,0.7250180079324754,0.4736094171855161,0.2571406057090493,0.1181457807577951,5.3976826455216065,5.325649015096296,10.723331660617902,0.8149045237867598,0.7203670426743565,0.6122191812107529,0.49917510616539895,0.3901414878733799,0.29231312497415696,2.174961748222714,2.49931376261501,4.674275510837724,0.8382522745913311,0.6796424641461493,0.4975148436158576,0.3284427371387222,0.19628278497936136,não,Fora,Multi-gols 1-4,0.8066321402456418,0.5181966247936997,0.7456829262141154,0.7361204489921851,0.5263905828144839,0.49368228420543747
31,Chapecoense-SC,Mirassol,0.2682125557348166,0.24073391610916337,0.4910535281560201,1.1577357994698538,1.6550080266173353,2.8127438260871886,0.5335812014905363,0.4664187985094639,0.5534032213023993,0.6858033419292304,0.8089117755637942,1-1,0.11368878767307487,0.2302664104223774,0.4664187985094639,0.6890987927589305,0.40773069470008894,0.6304106889495555,0.7869969058981404,0.4588323823365531,0.615418599285138,0.7035064166785605,0.37926621119805154,0.4673540285914741,0.5086489763224356,0.941311896190625,0.7697335895776228,0.5335812014905363,0.3109012072410695,0.1543149902924847,5.767107273867625,5.054049004353353,10.821156278220979,0.821700755218777,0.7291469779486524,0.6224553517854892,0.5100770459235555,0.4008532218062303,0.3021016500228644,2.0784907819452423,2.366965996297931,4.445456778243173,0.8134347992711461,0.6425508529986409,0.455490768258061,0.2899475586638458,0.16658783870868088,sim,Fora,Multi-gols 1-4,0.7869969058981404,0.50894647184398,0.7592660838908367,0.7317874442651835,0.46641879850946366,0.4465967786976007
32,Chapecoense-SC,Palmeiras,0.1539566778980847,0.21218161350532116,0.6338617085965945,0.8133971924877569,1.9121107171847411,2.7255079096724986,0.5126129397135936,0.48738706028640666,0.4732023998234175,0.556650643168204,0.8522385472892557,0-1,0.12646233693141967,0.2452578881429939,0.48738706028640666,0.7084534171004767,0.42307385092044913,0.6441402077345192,0.794772546549076,0.46319552895748284,0.6138278677720397,0.6959393272405722,0.37169869562862673,0.4538101550971595,0.4911100903186444,0.9356867906340426,0.7547421118570061,0.5126129397135936,0.2915465828995235,0.14091424408496683,4.2274819535245785,6.423214483093787,10.650696436618365,0.8097242816900836,0.7137193746835118,0.6045205998849702,0.4910304788273665,0.3821923406538188,0.28509755878104925,2.445484011409656,2.1313350244373925,4.576819035847048,0.8280597144987992,0.6641936028813948,0.4797669880917368,0.31196062559604476,0.18339495741228107,não,Fora,Empate ou fora (X2),0.8460433221019157,0.36613829140340587,0.7878183864946793,0.8460433221019157,0.48738706028640644,0.5267976001765825
33,Chapecoense-SC,Vasco,0.3542235989227654,0.2486149351526159,0.39716146592461854,1.3630288587240778,1.4580492392993496,2.8210780980234276,0.5355567940795335,0.4644432059204664,0.5695785730257875,0.7441159247665347,0.767311092783945,1-1,0.11694104234948742,0.2289024841255098,0.4644432059204664,0.6872435583919148,0.4062916504451588,0.6290920029166072,0.7862266461978775,0.4583410742664051,0.6154757175476754,0.7041337321162882,0.3799349957527189,0.46859301032133144,0.5102782989328022,0.9418484445246922,0.7710975158744902,0.5355567940795335,0.3127564416080851,0.15562179832681458,5.479390881509308,5.199755746426255,10.679146627935562,0.8117670149098734,0.7163362129233833,0.607545863430004,0.4942254554121699,0.3853052032141975,0.28791822539929357,2.04976876536011,2.4429177104443247,4.492686475804435,0.8188129223097282,0.6504400754638766,0.4642620488829916,0.2978306848149521,0.17255301064707973,não,Fora,Multi-gols 1-4,0.7862266461978775,0.6028385340753812,0.7513850648473839,0.6457764010772344,0.4644432059204665,0.4304214269742125
34,Corinthians,Botafogo RJ,0.41158110377708484,0.27640082864880466,0.31201806757411055,1.2678716295447041,1.0647414110311348,2.3326130405758394,0.4125909637643187,0.5874090362356814,0.46925641905770993,0.7185702948392237,0.6551830497012344,1-1,0.12946348795256257,0.3249413226809319,0.5874090362356814,0.7926840475937281,0.4919059617184296,0.6971809730764762,0.8168878290632817,0.4677427249127961,0.5874495808996016,0.6432955653687058,0.3249818673448523,0.38082785181395645,0.4025390420072397,0.9044969254827483,0.6750586773190682,0.4125909637643187,0.20731595240627207,0.08760909641946656,5.479233140351726,4.3486339997267525,9.827867140078478,0.7427134023348013,0.6308991765763979,0.5121111354690278,0.3968018344606471,0.29351648827437504,0.20745579877316978,2.3363023177331024,2.4432392970412273,4.779541614774329,0.8486596910210782,0.6957454851303702,0.5163995256415509,0.34634596006228957,0.21057351247231593,não,Casa,Multi-gols 1-4,0.8168878290632817,0.6879819324258896,0.7235991713511953,0.5884188962229152,0.5874090362356813,0.53074358094229
35,Corinthians,Gremio,0.4767316621116879,0.26577471489324006,0.2574936229950722,1.419550808455999,0.964702496532234,2.384253304988233,0.4261724586424847,0.5738275413575153,0.4677567180101585,0.758178064700206,0.6189034638674151,1-0,0.13230485848419746,0.3133669390666739,0.5738275413575153,0.782007242071329,0.4831523519149781,0.6913320526287918,0.8154205047739927,0.4686403030046551,0.592728755149856,0.6519004953454461,0.33226815285901456,0.3914398930546046,0.4149533276063641,0.9093248105574627,0.6866330609333261,0.4261724586424847,0.21799275792867107,0.09390430578347014,5.283287048139274,5.172847470774052,10.456134518913327,0.7952754613196267,0.695374718069601,0.5835013848453912,0.4690290882955004,0.36094619431224206,0.26601580207254727,2.38836739330575,2.557562718245185,4.945930111550934,0.8638991935611648,0.719964701353274,0.5455744172087098,0.3747578172937348,0.2338712395073963,não,Casa,Multi-gols 1-4,0.8154205047739927,0.7425063770049279,0.7342252851067601,0.5232683378883123,0.5738275413575153,0.5322432819898415
36,Corinthians,Mirassol,0.43332332266560886,0.2678696772107803,0.29880700012361094,1.3579424977381338,1.077905844454744,2.4358483421928776,0.439629113862875,0.560370886137125,0.48852228822372196,0.7428110730149948,0.659692628905795,1-1,0.12660634314155236,0.30222164231267235,0.560370886137125,0.77119695954153,0.47435229983419297,0.685178373238598,0.8135635780256096,0.4689753172288577,0.5973605220158693,0.6599059578513538,0.3392112781914166,0.4017567140269011,0.42714860368129776,0.913981413697068,0.6977783576873278,0.439629113862875,0.22880304045847008,0.1004178356714584,5.607238710520632,4.737930556185422,10.345169266706055,0.7866547459575719,0.684563208654678,0.571264996872382,0.45637761663258636,0.34887863537838615,0.2553104703772304,2.1555594868277748,2.5369886705790914,4.692548157406867,0.8401029793678731,0.6824812141478688,0.500815036371542,0.33154411695893804,0.1987366826559498,sim,Casa,Multi-gols 1-4,0.8135635780256096,0.7011929998763892,0.7321303227892197,0.5666766773343912,0.560370886137125,0.5114777117762781
37,Corinthians,Vitoria,0.544433707233567,0.25726511271401714,0.19830118005241593,1.5144787595897533,0.795844549013093,2.3103233086028467,0.40669808236659627,0.5933019176334038,0.4267022636820282,0.7800783606743052,0.5487999906687757,1-0,0.15168498782635392,0.3298842113420044,0.5933019176334038,0.7972442512012332,0.4954780052944567,0.6994203388622862,0.8172138181644397,0.46736003985922886,0.5851535191613824,0.6395818608337291,0.32173581286998315,0.37616415454232977,0.39712205189194105,0.9021760876610528,0.6701157886579955,0.40669808236659627,0.20275574879876665,0.08496226949661308,5.50939449429123,4.529837770701792,10.039232264993021,0.7614233082740258,0.6534636625147046,0.5366702174201734,0.4212208794916321,0.3159163201008772,0.22656630182069093,2.200388228990757,2.886876611398889,5.087264840389645,0.8757471811836756,0.7393603344979276,0.569640799622062,0.39889832961835325,0.25426011716563557,não,Casa,Multi-gols 1-4,0.8172138181644397,0.8016988199475841,0.7427348872859829,0.45556629276643307,0.5933019176334038,0.5732977363179719
38,Coritiba,Botafogo RJ,0.32023149563055403,0.2502914227322767,0.42947708163716924,1.2574566379571452,1.497156844877341,2.754613482834486,0.5196589859382231,0.48034101406177687,0.5540856655480081,0.7156238692849006,0.7762355911681796,1-1,0.11839005271422429,0.240325729910496,0.48034101406177687,0.7020165866021303,0.41811480896684905,0.6397903815072026,0.7924483552147918,0.4616908566916344,0.6143488303992237,0.6984517621546463,0.3743335462479427,0.4584364780033655,0.49704840983846005,0.9377737949050723,0.7596742700895041,0.5196589859382231,0.2979834133978696,0.14532543969028036,5.303571509536721,4.8563241411755955,10.159895650712317,0.7716338069507154,0.6659535445691863,0.5504579987611682,0.435125275300406,0.3288523560329628,0.23775947971827716,3.161662656484013,2.6633908171474134,5.825053473631426,0.9236935213879971,0.8239469977325842,0.6828961145894326,0.5216444401292901,0.36641845821299546,não,Fora,Multi-gols 1-4,0.7924483552147918,0.5705229183628308,0.7497085772677232,0.6797685043694459,0.48034101406177687,0.4459143344519919
39,Coritiba,Flamengo RJ,0.20468972428700774,0.21894424468576223,0.57636603102723,1.041422117761062,1.9044585694148697,2.9458806871759315,0.5645851624673225,0.4354148375326777,0.5494801236858721,0.6470476632870765,0.8511032761966852,1-1,0.10301006798862174,0.20859647864473937,0.4354148375326777,0.6593473630105178,0.38408565333056727,0.6080181788084074,0.7729405593874389,0.45075088436577837,0.6156732649448099,0.7128432193596598,0.3888549060568717,0.4860248604717215,0.5337341728152704,0.9486708157978897,0.7914035213552607,0.5645851624673225,0.34065263698948217,0.17573025641045076,4.769351269200736,6.098109270579646,10.867460539780382,0.8248462745489993,0.733233560630844,0.6272466104395866,0.5152086997997815,0.405923749746226,0.30676125214608363,3.3107360606989764,2.539970980963851,5.850707041662828,0.9250008133908629,0.8264169303316811,0.6864329909339426,0.5257385383789317,0.37040854742976803,não,Fora,Empate ou fora (X2),0.7953102757129923,0.42363396897276995,0.7810557553142378,0.7953102757129923,0.4354148375326775,0.45051987631412793
40,Coritiba,Gremio,0.38584176131359044,0.2517575428039763,0.3624006958824332,1.4078899727341057,1.3564924372743432,2.764382410008449,0.5220140204112202,0.47798597958877975,0.5593807531239506,0.7553416614968784,0.7424378581415939,1-1,0.1189319615918024,0.23862532816346071,0.47798597958877975,0.6998503115107281,0.41638474610330145,0.6382490780252498,0.791578815920128,0.4612249833472673,0.6145547212421456,0.6993272786667719,0.3751940698168266,0.45996662724145265,0.49902399140629194,0.9383987665145217,0.7613746718365393,0.5220140204112202,0.3001496884892719,0.1468199505943936,5.113907356644645,5.776762094146722,10.890669450791368,0.8264057885160399,0.735265111991048,0.6296349022414149,0.5177735678728992,0.4084649003770833,0.30910275810094745,3.2321210915485215,2.7880155113344434,6.020136602882965,0.9331230821713161,0.8419998570792866,0.7090934326569647,0.552377464886445,0.39677650106985385,não,Casa,Multi-gols 1-4,0.791578815920128,0.6375993041175667,0.7482424571960236,0.6141582386864095,0.47798597958877975,0.44061924687604936
41,Coritiba,Santos,0.3960127323138115,0.25006804158811896,0.35391922609806975,1.442782474382721,1.3500461224066067,2.7928285967893274,0.5288361496553428,0.47116385034465724,0.5643497026423404,0.7637313484060663,0.7407721472697174,1-1,0.1178983837752633,0.23370249986956754,0.47116385034465724,0.6935316920431166,0.41131764337810034,0.6336854850765596,0.7889446138559005,0.45982919217354906,0.6150883209528899,0.7018109221535006,0.3776269704778003,0.46434957167841084,0.5047165462224592,0.9401537930334433,0.7662975001304325,0.5288361496553428,0.3064683079568837,0.15120917917754267,5.453625178270821,5.361846528000513,10.815471706271335,0.8213114473786982,0.72864221694854,0.6218647437261904,0.509445753032953,0.4002307064736642,0.30153073880470416,3.28101152121016,2.874370980445541,6.155382501655701,0.9390066428627143,0.8535604574963122,0.7263104496652297,0.5731053086515943,0.4177877271829953,não,Casa,Multi-gols 1-4,0.7889446138559005,0.6460807739019305,0.7499319584118813,0.6039872676861887,0.47116385034465724,0.4356502973576596
42,Coritiba,Vitoria,0.46179293947687433,0.25412791759134706,0.2840791429317787,1.5020383060209834,1.119058328912821,2.6210966349338047,0.48685475634831776,0.5131452436516825,0.5220251420881346,0.7773252594547454,0.6734129035724765,1-1,0.12080204331417392,0.2647720455323503,0.5131452436516825,0.731403487845033,0.4418582645907695,0.6601165087841201,0.8031358070456431,0.4666314423126826,0.6096507405742058,0.6846243838409343,0.36127754245487353,0.4362511857216021,0.46900345093460444,0.9287130209390873,0.73522795446765,0.48685475634831776,0.26859651215496716,0.1255772138934442,5.332765904691138,5.058682915796186,10.391448820487323,0.7902840562746907,0.6891029425034794,0.576389575089725,0.4616621217608232,0.35390597999426743,0.2597585532483595,2.977733335520245,3.147002696931369,6.124736032451614,0.9377177363125984,0.8510071246756348,0.7224767695209819,0.5684523616305341,0.41303299044589004,não,Casa,Multi-gols 1-4,0.8031358070456431,0.7159208570682214,0.7458720824086531,0.5382070605231257,0.5131452436516822,0.47797485791186545
43,Cruzeiro,Bahia,0.5145489771548029,0.25388150393116315,0.23156951891403385,1.538694880623246,0.937999025126795,2.4766939057500412,0.45019609475357036,0.5498039052464295,0.47652571633191554,0.7853402252217351,0.6085897644406693,1-0,0.130706069948952,0.2935368164976022,0.5498039052464295,0.7625453940777662,0.4672081785769188,0.6799496674082555,0.8116739176135204,0.46900857758016395,0.6007328277854288,0.6659811371300927,0.3444657390366016,0.4097140483812653,0.43664747095217094,0.9174042733304892,0.7064631835023976,0.45019609475357036,0.23745460592223377,0.10573035571696891,6.529201809964945,3.9519544632950554,10.481156273260002,0.7971809407780692,0.6977777168289117,0.5862361743039645,0.4718723205781483,0.363673215746006,0.26844836605615696,2.5170336656867422,3.1526507802267654,5.669684445913507,0.9153115961714926,0.8083448282606552,0.6608835178340406,0.4965380670624555,0.34230800117920523,não,Casa,Multi-gols 1-4,0.8116739176135204,0.768430481085966,0.7461184960688367,0.48545102284519703,0.5498039052464296,0.5234742836680845
44,Cruzeiro,Internacional,0.4963369658579575,0.268953599442637,0.23470943469940558,1.4092642271050733,0.8743273058576929,2.2835915329627667,0.399605918556906,0.6003940814430941,0.43897741763484804,0.7556776593420478,0.5828574752153026,1-0,0.14510357146149977,0.33612983633791443,0.6003940814430941,0.8026742725470072,0.49995179836559683,0.7022319894695098,0.8177134719778189,0.4665444362090927,0.5820259187174017,0.6347684941699474,0.31776167361222213,0.37050424906476787,0.3905780248550938,0.8995577169225026,0.6638701636620854,0.399605918556906,0.1973257274529929,0.08184424494468386,6.843130358976174,3.383834610460686,10.22696496943686,0.7771627537598488,0.6727703109009482,0.5580426647633967,0.4428345512480203,0.3360813767563394,0.2440639099387043,2.777539654755116,3.513565991353563,6.291105646108679,0.9444185385289928,0.8644159194298154,0.7428142497916179,0.5933885654782416,0.4387767328063774,não,Casa,Multi-gols 1-4,0.8177134719778189,0.7652905653005946,0.7310464005573631,0.5036630341420426,0.6003940814430939,0.561022582365152
45,Cruzeiro,Palmeiras,0.3276873900704788,0.2884175487982435,0.3838950611312776,1.0389331262247818,1.1504250746838427,2.1893582009086243,0.3744314751501123,0.6255685248498875,0.4400824166266549,0.6461680725774297,0.6834979122917348,1-1,0.13227831041541127,0.3587437545628473,0.6255685248498875,0.8214408796688205,0.5151520930923972,0.7110244479113303,0.81823316171905,0.4626971251059733,0.5699058389136928,0.6168495061889671,0.3030810686266529,0.3500247359019269,0.3671541574058856,0.8895835682425097,0.6412562454371524,0.3744314751501123,0.17855912033117913,0.07135040652345953,5.271921602277122,4.6594311348039685,9.931352737081092,0.7520056316169428,0.642054598610168,0.5241969496657208,0.40876336241948474,0.30443812976365003,0.21673031848943414,2.9595409036058786,2.946675226235782,5.906216129841661,0.9277582986476791,0.8316607124187103,0.6939908811820181,0.5345442076251483,0.37904653053563897,não,Fora,"Menos de 3,5 gols",0.8214408796688208,0.6161049388687223,0.7115824512017563,0.6723126099295211,0.6255685248498877,0.5599175833733451
46,Cruzeiro,Remo,0.6379965166039164,0.2105216771700725,0.1514818062260111,1.926121573415491,0.8088263222680996,2.734947895683591,0.5149077002079517,0.48509229979204826,0.47262111508282223,0.8542948284854687,0.554619512032365,1-0,0.12618519059203834,0.2435676015423792,0.48509229979204826,0.7063650737195831,0.4213855252270596,0.6426582991545944,0.7939536843752132,0.4627974721772039,0.6140928573978228,0.6968515020616327,0.3725681591481538,0.45532680381196355,0.49305098410009957,0.9362932254350115,0.756432398457621,0.5149077002079517,0.293634926280417,0.14233954105979807,7.191926010329563,3.6662318142561032,10.858157824585666,0.8242179825791558,0.7324161238116272,0.6262868389874388,0.514179263626252,0.4049051145964687,0.3058238255449345,2.515403273231322,3.2724466039658457,5.787849877197168,0.9217598623385054,0.8203121583457094,0.6777175007958212,0.515680323486376,0.36063529576965214,sim,Casa,Casa ou empate (1X),0.848518193773989,0.848518193773989,0.7894783228299276,0.36200348339608357,0.48509229979204826,0.5273788849171778
47,Cruzeiro,Sao Paulo,0.4808147427602276,0.2793156364129396,0.23986962082683277,1.326959644446846,0.8456355608447108,2.172595205291557,0.3699293899250321,0.6300706100749679,0.41781396712278207,0.734717801301295,0.5707155721333467,1-0,0.15261728736588145,0.36280106679427243,0.6300706100749679,0.8247139011313812,0.5176900163868273,0.7123333074432405,0.8180536584797665,0.4619128343371087,0.5676331853736346,0.6135707260414889,0.3003636420929391,0.3463011827607935,0.36293514224226936,0.8876194063118596,0.6371989332057277,0.3699293899250321,0.17528609886861884,0.06956574783209306,5.81244393813589,4.042070149709238,9.854514087845129,0.7451303381658841,0.6337911560606451,0.5152339516153958,0.3998822958085593,0.2963198098690575,0.20982842669890744,2.9662027269342053,3.4138362187689473,6.380038945703152,0.947715215732443,0.8711407986628219,0.7532115468490826,0.6063832471920001,0.45245094844265266,não,Casa,"Menos de 3,5 gols",0.8247139011313811,0.7601303791731673,0.7206843635870603,0.5191852572397724,0.6300706100749679,0.5821860328772179
48,Flamengo RJ,Athletico-PR,0.6338173619323256,0.21170093979344518,0.15448169827422906,1.9185870049211373,0.8190920723000834,2.7376790772212205,0.5155699884834932,0.48443001151650666,0.47588368396043085,0.8531926083392356,0.5591682891900509,1-0,0.12536383657974967,0.24309066237525268,0.48443001151650666,0.7057609306269391,0.4209072250853623,0.6422381441957948,0.7937243048566505,0.46267026825168645,0.6141564289125421,0.6971021175275763,0.37281707977128814,0.4557627683863223,0.49360993997946984,0.9364772135688554,0.7569093376247472,0.5155699884834932,0.2942390693730606,0.14275290871220495,6.447695424842581,4.365104656530518,10.812800081373098,0.8211282427997804,0.7284047584246987,0.6215869898475243,0.5091489622235577,0.39993813742258855,0.30126250983426406,2.3383366585597596,3.0825948590661536,5.420931517625913,0.9000976715422742,0.7809736460858756,0.6235557297658749,0.455381541281235,0.30409639793072873,não,Casa,Casa ou empate (1X),0.8455183017257708,0.8455183017257708,0.7882990602065547,0.36618263806767426,0.4844300115165068,0.5241163160395692
49,Flamengo RJ,Atletico-MG,0.6290295290278846,0.21240424871982336,0.15856622225229208,1.9182560633832673,0.8379490468972622,2.75620511028053,0.5200519001779166,0.47994809982208353,0.48287717166106825,0.8531440048985378,0.5674031565919793,1-0,0.1230684912467031,0.2398323658741857,0.47994809982208353,0.7016570109835865,0.417618089651532,0.639327000813035,0.7920987139619682,0.4618246451094008,0.6145963582583338,0.6988119947564393,0.37448062431043594,0.4586962608085415,0.49738292430901876,0.9376699898294486,0.7601676341258145,0.5200519001779166,0.2983429890164135,0.14557127586748048,5.8458625364431605,4.506360451449891,10.35222298789305,0.7872110573048233,0.6852579596682078,0.5720479962178354,0.4571837586666143,0.34964431901188564,0.2559868438036781,2.4713111240713626,3.0418310725105315,5.513142196581894,0.9060093749142306,0.7914725827305273,0.6376878988269624,0.4707589973811519,0.31818457111077214,não,Casa,Casa ou empate (1X),0.8414337777477079,0.8414337777477079,0.7875957512801767,0.37097047097211544,0.4799480998220834,0.5171228283389318
50,Flamengo RJ,Chapecoense-SC,0.8341560291993187,0.11113775118222365,0.05470621961845781,2.9143284616400464,0.6383967528980974,3.5527252145381443,0.6890728297440962,0.31092717025590394,0.445685813158527,0.9458519701507438,0.4718615183661559,2-0,0.12160580335400051,0.13087797991065106,0.31092717025590394,0.5250060806922952,0.28295484561427664,0.49703375605066796,0.6872782585108645,0.3941281007816442,0.5843726032418408,0.7196235558650574,0.4043234128965879,0.5395743655198044,0.6197029191658109,0.9720276753583726,0.8691220200893491,0.6890728297440962,0.47499391930770474,0.28474941684750815,7.499967257236935,3.935966817541539,11.435934074778473,0.8598784613154808,0.779795383353858,0.6831038646858172,0.5764314894611038,0.4678393722794869,0.36500545559398057,2.0096957535721063,2.551697555717503,4.56139330928961,0.8263958300321252,0.6617007443011778,0.47693628610892125,0.3093622972985347,0.18138688386439406,não,Casa,Casa ou empate (1X),0.9452937803815424,0.9452937803815424,0.8888622488177765,0.16584397080068147,0.3109271702559038,0.5543141868414729
51,Flamengo RJ,Fluminense,0.6212407557646783,0.21680591112832906,0.16195333310699267,1.8743840733696802,0.8311292559992839,2.7055133293689644,0.507733248501614,0.492266751498386,0.47660977680322314,0.846556360559556,0.5644428531933283,1-0,0.12649734575200253,0.2488780759381531,0.492266751498386,0.7128701820065726,0.42665618844804715,0.6472596189562339,0.7964733406611022,0.4639921060684196,0.6132058277732881,0.6939470372593903,0.36981715221305494,0.45055836169915736,0.4869666693869101,0.934389436949661,0.751121924061847,0.507733248501614,0.2871298179934273,0.13791609628855897,6.423593022774769,4.282560333938121,10.706153356712889,0.8136897637205209,0.7188047467739691,0.6104059337699133,0.49725259502526375,0.388261009511508,0.29060245101211934,2.3935185428892467,3.2285074913700678,5.6220260342593145,0.9125739801339177,0.8033328523405014,0.6539289625726702,0.4887373409516673,0.3349410408789498,não,Casa,Casa ou empate (1X),0.8380466668930073,0.8380466668930073,0.783194088871671,0.3787592442353217,0.49226675149838595,0.5233902231967769
52,Flamengo RJ,Gremio,0.684039405587102,0.18690142521100636,0.1290591692018916,2.158878362308954,0.8111572650705794,2.970035627379534,0.5700902594143703,0.42990974058562975,0.4904569076705046,0.8845609764269088,0.5556564596149235,2-0,0.11955250526988336,0.20470419476149573,0.42990974058562975,0.6539218810211768,0.37967026895695716,0.6036824093925043,0.7700218849558517,0.44921768625968106,0.6155571618230284,0.7143690247047201,0.39035161599889445,0.4891634788805862,0.5380784273270436,0.9497605283713273,0.7952958052385044,0.5700902594143703,0.3460781189788231,0.1797386434154757,6.466717105423131,4.437224266876727,10.903941372299858,0.8272924815979222,0.7364218207532264,0.6309966469491424,0.5192380542981554,0.4099178904937155,0.3104434820616965,2.5343955463633265,3.082341840177272,5.616737386540599,0.9122651865660626,0.8027700056942962,0.6531514031169416,0.4878690202557612,0.3341246238215476,não,Casa,Casa ou empate (1X),0.8709408307981084,0.8709408307981084,0.8130985747889936,0.3159605944128979,0.4299097405856297,0.5095430923294955
53,Fluminense,Coritiba,0.6272277525220156,0.21039360881337404,0.16237863866461041,1.9490102470352466,0.871632400486378,2.8206426475216246,0.5354637478492384,0.4645362521507615,0.49770042621034266,0.8575927278709845,0.5817317991666906,1-0,0.11728383019749711,0.22876655536557702,0.4645362521507615,0.6873325315609207,0.4061603529780939,0.6289566323882532,0.786067176363151,0.45856597619534367,0.6156765201702417,0.704308962663221,0.37990682338505716,0.46853926587803635,0.5102069014141465,0.9416241008273323,0.7712334446344229,0.5354637478492384,0.3126674684390792,0.15555692446418132,7.1786835648619025,3.945288749228721,11.123972314090624,0.8414591753215448,0.7550666998328094,0.653141955775733,0.543266851575864,0.43397149245760935,0.3328377951800703,2.699685317571808,3.3018174689676534,6.0015027865394615,0.9322718966511385,0.8403469541977459,0.7066607110546381,0.5494831832766136,0.39387732354768734,não,Casa,Casa ou empate (1X),0.8376213613353896,0.8376213613353896,0.789606391186626,0.37277224747798443,0.46453625215076155,0.5022995737896574
54,Fluminense,Cruzeiro,0.44023103486309734,0.2804040269887054,0.2793649381481973,1.2804400160562384,0.9570358557807223,2.2374758718369607,0.38731735867291744,0.6126826413270827,0.443247118714511,0.7220853035504494,0.6159705031457237,1-0,0.13819433934233397,0.3470637752326232,0.6126826413270827,0.8119337024700487,0.5074913293087447,0.7067423904517107,0.8181973120089335,0.4648699272374255,0.5763248487946483,0.6262004157023237,0.3107059827001886,0.3605815496078641,0.3791807893992093,0.8948086879816621,0.6529362247673769,0.38731735867291744,0.18806629752995146,0.07661137597272875,4.974176958374878,5.227888430262861,10.202065388637738,0.775122278686692,0.6702501223501818,0.5552336381279466,0.4399743487536991,0.3333946377687337,0.24171669050605804,3.1944661658784965,2.8471751221349346,6.041641288013431,0.9340929329322334,0.843889092463249,0.7118826945598287,0.5557063278441327,0.40012144072355504,não,Casa,Multi-gols 1-4,0.8181973120089335,0.7206350618518027,0.7195959730112946,0.5597689651369027,0.6126826413270825,0.5567528812854889
55,Fluminense,Internacional,0.4887560306745764,0.2647259428750282,0.2465180264503956,1.4364324082165183,0.9340747583309045,2.370507166547423,0.4225678758659968,0.5774321241340032,0.4612375760538775,0.7622262208852315,0.6070507476901237,1-0,0.13568298058733497,0.31638944781132866,0.5774321241340032,0.7848637433344041,0.4854715166554807,0.6929031358558817,0.8158328560215491,0.4684742955230755,0.5914040156887431,0.6496852600169177,0.3303613393660685,0.3886425836942431,0.41166863627576966,0.9080393925214776,0.6836105521886714,0.4225678758659968,0.2151362566655958,0.09220653649992834,5.970623609555852,3.9952807729830013,9.965904382538852,0.7550517475804046,0.6457333466261291,0.5282063081947507,0.41275515539862595,0.3081046075732974,0.21986237646339868,2.9038444575178786,3.026732543205565,5.930577000723444,0.928938288642302,0.8339190128839877,0.6972666053361325,0.5383851381837966,0.38283838336413756,não,Casa,Multi-gols 1-4,0.8158328560215491,0.7534819735496046,0.7352740571249721,0.5112439693254238,0.5774321241340032,0.5387624239461225
56,Fluminense,Mirassol,0.47603900196259347,0.25499621490186897,0.2689647831355377,1.5072522089935065,1.0637634379717116,2.5710156469652183,0.4742711123471763,0.5257288876528238,0.5083465514264941,0.7784832782374337,0.6548456625282659,1-1,0.12114944069940785,0.27447106323824877,0.5257288876528238,0.7422925945911407,0.45071127699202956,0.6672749839303466,0.8064724653319552,0.46782153135289195,0.6070190127545007,0.6785949535341621,0.3557611883399256,0.4273371291195871,0.4580076750645035,0.9249823893392058,0.7255289367617511,0.4742711123471763,0.25770740540885934,0.1185099240072506,6.274947426527903,4.328706087323169,10.603653513851071,0.8063076335733883,0.7093555762694683,0.5994908019271867,0.48573439499055204,0.3770477919230445,0.28044984272489537,2.6297877839080206,2.819022228841142,5.4488100127491625,0.9019200917752677,0.7841924316289,0.6278645469017081,0.4600441387696028,0.308344392767378,sim,Casa,Multi-gols 1-4,0.8064724653319552,0.7310352168644625,0.7450037850981311,0.5239609980374067,0.5257288876528237,0.4916534485735059
57,Fluminense,Santos,0.5313555292641272,0.24596505970749613,0.22267941102837654,1.6146815513329376,0.947520975871954,2.562202527204892,0.472042864755615,0.5279571352443849,0.4890947931569808,0.8010478824017638,0.6122990674991412,1-0,0.12593362096929386,0.27615355562735344,0.5279571352443849,0.7441991007665931,0.45220929198830895,0.6684512575105173,0.8069657649109113,0.4680455451392398,0.6065600525396339,0.6775407938181933,0.35475647292260226,0.4257372142011616,0.45604851351925424,0.9242521567439241,0.7238464443726466,0.472042864755615,0.2558008992334067,0.11728639183301283,6.305182817642942,4.386609526218653,10.691792343861595,0.8126693065095844,0.7174939712530843,0.6088864963448795,0.495643597751213,0.38668914372454266,0.28917429706806175,2.9578895744583837,2.929907430231091,5.8877970046894745,0.9268539812236478,0.8299358759612704,0.6914974526879232,0.5316304782183291,0.3761797980247916,não,Casa,Multi-gols 1-4,0.8069657649109113,0.7773205889716234,0.7540349402925037,0.4686444707358727,0.527957135244385,0.5109052068430192
58,Gremio,Athletico-PR,0.42891808751741406,0.26592088063850366,0.30516103184408216,1.3665577600631256,1.1073256793179216,2.473883439381047,0.4494707934776387,0.5505292065223614,0.4973352398043419,0.7450173352779337,0.6695585961385113,1-1,0.12600221334775255,0.2941961339378915,0.5505292065223614,0.7631436967833798,0.4677698981344641,0.6803843883954825,0.8118803857885798,0.46894756284548833,0.6004435602385857,0.665504779007552,0.3441104876541158,0.4091717064230821,0.43599737838028724,0.9172406916121028,0.7058038660621087,0.4494707934776387,0.23685630321662018,0.10536030582352285,6.10792638704118,4.680456430145924,10.788382817187104,0.8194467726543181,0.7262276412553519,0.6190431163940929,0.5064336030710272,0.397264227292877,0.2988136392945827,2.566690298293351,3.0093972089648426,5.576087507258194,0.9098578159073716,0.7983989910695535,0.6471362745949663,0.4811776933015318,0.3278575237268666,não,Casa,Multi-gols 1-4,0.8118803857885798,0.6948389681559177,0.7340791193614962,0.5710819124825859,0.5505292065223613,0.5026647601956581
59,Gremio,Bahia,0.46100967735287784,0.2508698738036837,0.2881204488434385,1.5306715498649677,1.1542503667686594,2.6849219166336273,0.5026760635963365,0.4973239364036634,0.5351275772862784,0.7836109478234566,0.6847063163426074,1-1,0.1191251516429004,0.25282411285563594,0.4973239364036634,0.7174125710996664,0.4305136232834491,0.6506022579794521,0.798332835461199,0.4645884582440305,0.6123190357257774,0.6916482516236728,0.36781921217774977,0.4471484280756454,0.4826473105810433,0.9331896868797858,0.747175887144364,0.5026760635963365,0.2825874289003336,0.1348568514185869,5.902457414535101,4.6973828058908715,10.599840220425973,0.8060285453746338,0.7089998389161736,0.5990815993152881,0.4853043981409907,0.37663094195643576,0.2800740108290024,2.5123555977732535,2.875672328301586,5.388027926074839,0.8979067670573699,0.7771244832369877,0.618430279996782,0.4498645554766604,0.2990965327768784,não,Casa,Multi-gols 1-4,0.798332835461199,0.7118795511565615,0.7491301261963164,0.5389903226471222,0.49732393640366346,0.46487242271372164
60,Gremio,Cruzeiro,0.3980570520409878,0.2759048264699718,0.32603812148904043,1.2496713242444726,1.1023469283741625,2.352018252618635,0.4177068522503927,0.5822931477496073,0.47494737801000786,0.7134012565962264,0.6679093047588734,1-1,0.1295729680158264,0.32057436221187396,0.5822931477496073,0.7886897093277115,0.4886563310946994,0.6950528926728038,0.8164150737979579,0.4681153471158377,0.5894775282409918,0.6465667700184271,0.3277587427032584,0.384847984480694,0.4072271521952329,0.9063631833450921,0.6794256377881258,0.4177068522503927,0.2113102906722884,0.08994810954713432,5.153818507244174,5.262985282125012,10.416803789369187,0.7922518151938254,0.6915715287621671,0.5791843433752666,0.46455254476708385,0.356663792749899,0.26220574310497535,3.049841682708771,3.0147533098051,6.064594992513872,0.9351135598706166,0.8458841114724385,0.7148383184356448,0.5592459323921797,0.40369043724458875,não,Casa,Multi-gols 1-4,0.8164150737979579,0.6739618785109596,0.7240951735300283,0.6019429479590122,0.5822931477496073,0.5250526219899921
61,Gremio,Internacional,0.4455960138235093,0.2640756089580791,0.29032837721841187,1.4019156572405378,1.0758995801641857,2.477815237404724,0.4504842565148051,0.5495157434851952,0.49532413892843696,0.7538755948564028,0.6590091958339603,1-1,0.12510100899116233,0.29336673625651605,0.5495157434851952,0.7623073193564167,0.4670763952471212,0.6798679711183427,0.8116826829001188,0.46894058309990083,0.6007552948816768,0.6660778742026847,0.34460628765299767,0.40992886697400577,0.43690511334963544,0.9175606517619262,0.706633263743484,0.4504842565148051,0.23769268064358343,0.10587796886180736,6.186251658560088,4.0221026494074055,10.208354307967493,0.7756389968927568,0.6708878273586729,0.5559438809108666,0.4406969717636413,0.33407291052094257,0.2423087922335685,2.772377419813849,3.2048790682329287,5.977256488046778,0.9311491257085501,0.8381739688196967,0.7034732519249234,0.5457036692569601,0.39010409455372974,não,Casa,Multi-gols 1-4,0.8116826829001188,0.7096716227815884,0.7359243910419211,0.5544039861764909,0.5495157434851949,0.504675861071563
62,Gremio,Mirassol,0.4298917611592774,0.253264509069587,0.31684372977113545,1.471034030800565,1.225279114442037,2.696313145242602,0.5054729355534293,0.4945270644465706,0.5426629692322684,0.7703130517643435,0.7063244798918871,1-1,0.12015235296873465,0.25075736017248185,0.4945270644465706,0.7149040818768717,0.4285016268705327,0.6488786443008339,0.7974302916332336,0.4641467217043898,0.6126983690367898,0.6928068746604271,0.368928664762701,0.44903717038633856,0.4850368422652869,0.9339745624239622,0.749242639827518,0.5054729355534293,0.2850959181231283,0.13654427079072842,6.501566078057173,4.357766377788076,10.859332455845248,0.8242974166621534,0.7325194387053193,0.6264081052262315,0.5143092910111479,0.4050337372207955,0.30594215674472813,2.5107282355063982,2.9849434018797987,5.495671637386197,0.9049146774328372,0.7895157662428991,0.6350367869075149,0.4678555808688927,0.3155073990076882,sim,Casa,Multi-gols 1-4,0.7974302916332336,0.6831562702288644,0.7467354909304129,0.5701082388407224,0.4945270644465707,0.4573370307677316
63,Internacional,Botafogo RJ,0.42468889618180405,0.26768794324393286,0.30762316057426303,1.3475380030032071,1.103385726364773,2.4509237293679806,0.44353815495688187,0.556461845043118,0.4930833942567378,0.7401211487851821,0.6682541015346715,1-1,0.12668187924860627,0.29902283805242186,0.556461845043118,0.7680131926345927,0.471753701106234,0.6833050486977088,0.81292921818265,0.46899035458217087,0.5986145240671121,0.6621543710346026,0.34117551707641613,0.40471536404390646,0.43067060686046765,0.9152918560631158,0.700977161947578,0.44353815495688187,0.2319868073654071,0.10236263788046573,5.370774771386469,4.039080885927982,9.409855657314452,0.7025885495158151,0.5838332280109313,0.46228338533556257,0.3486066267144905,0.2505060154974713,0.17175367193660684,2.898254474378901,2.864805246832927,5.763059721211828,0.9204461608566891,0.8178550840378724,0.6742344312923669,0.5116890675903248,0.35678456691292193,não,Casa,Multi-gols 1-4,0.81292921818265,0.6923768394257369,0.732312056756067,0.575311103818196,0.5564618450431181,0.5069166057432621
64,Internacional,Bragantino,0.48664916245172996,0.26024936427642886,0.25310147327184124,1.4706602624200016,0.9797194111287608,2.4503796735487624,0.4433977322302659,0.5566022677697343,0.47961147991490105,0.7702271838020405,0.6245836061899309,1-0,0.12832003548910176,0.2990915933453028,0.5566022677697343,0.7681279777945835,0.47180157784680443,0.6833272878716535,0.8129071003794407,0.46903638444928075,0.5986161969570678,0.6621202610543566,0.34110552253263626,0.40460958662992524,0.4305444787942317,0.9151993100770702,0.7009084066546973,0.4433977322302659,0.2318720222054167,0.10229220969762964,5.470844447087887,5.73767065845621,11.208515105544098,0.846640053901043,0.7619648565323838,0.6614306301759287,0.5523650730601528,0.4431848304352958,0.3415149694383446,2.7187792178415884,3.0997531401018787,5.818532357943467,0.9233578378758205,0.8233144140553529,0.6819926156409388,0.5206013055221033,0.36540445707988267,não,Casa,Multi-gols 1-4,0.8129071003794407,0.7468985267281588,0.7397506357235712,0.51335083754827,0.5566022677697341,0.520388520085099
65,Internacional,Corinthians,0.46168318340189535,0.2767781285960042,0.2615386880021002,1.3272812797578701,0.9228575513024703,2.2501388310603407,0.390698117785273,0.6093018822147268,0.44128954688147987,0.7348031126200276,0.6026181382187557,1-0,0.14139109514932086,0.3440303524083253,0.6093018822147268,0.8094051287056397,0.5054335861720302,0.7055368326629431,0.8181019385534112,0.4653747762973144,0.5779398821877824,0.6285973434187584,0.31266835238138097,0.3633258136123568,0.3823235479906645,0.8961317039573032,0.6559696475916746,0.390698117785273,0.19059487129436017,0.0780297654038921,5.630489002818693,4.143720276141645,9.774209278960338,0.737795395477669,0.6250350876933075,0.5058010727165622,0.39059906628665597,0.2878914454768414,0.20271156296225668,2.5182047316329603,2.5746351665190996,5.09283989815206,0.8761948431891767,0.7401034795524783,0.5705758147678348,0.3998492994306537,0.25507444672355595,não,Casa,Multi-gols 1-4,0.8181019385534112,0.7384613119978995,0.7232218714039955,0.5383168165981044,0.6093018822147269,0.5587104531185201
66,Internacional,Coritiba,0.5984933451028321,0.22000044371625888,0.18150621118090884,1.8662877614116375,0.915276644472003,2.7815644058836404,0.5261479003071206,0.47385209969287934,0.5055994987035133,0.8453087636987027,0.5995941743383051,1-0,0.11684174378154526,0.23547258777097058,0.47385209969287934,0.6960302437553155,0.4131555390263737,0.6353336830888099,0.7898366554815692,0.46055765598434495,0.6150606283771043,0.7010138838746012,0.37668111645519564,0.4626343719526924,0.5024823762564389,0.9393034393334943,0.7645274122290293,0.5261479003071206,0.3039697562446844,0.14946678385192497,6.287831919800623,4.010874558008629,10.298706477809251,0.7829619386949747,0.6799615673926904,0.5660902354645678,0.45106159945510726,0.3438404915059441,0.2508697375463298,2.745111117871489,3.48419286248547,6.229303980356959,0.9420129605937994,0.8595632757474472,0.7353949635866679,0.5842189330041923,0.42923493590162165,não,Casa,Casa ou empate (1X),0.8184937888190911,0.8184937888190911,0.779999556283741,0.40150665489716775,0.47385209969287945,0.4944005012964867
67,Internacional,Vitoria,0.5611078309379738,0.24609251425845233,0.19279965480357386,1.6096373979973673,0.8247294233540532,2.4343668213514205,0.43924600556019433,0.5607539944398057,0.44797389406860927,0.8000417469783953,0.56164642107473,1-0,0.14245620418312188,0.3023981476797327,0.5607539944398057,0.7715082009188425,0.47446826842432166,0.6852224749033585,0.8134862832680343,0.4691100532391097,0.5973738616037854,0.6598223595429112,0.3390180148437125,0.40146651278283835,0.42680371263013245,0.913714273984516,0.6976018523202672,0.43924600556019433,0.22849179908115758,0.10022799071648181,5.400339098119744,4.207385849704962,9.607724947824707,0.7221004724945628,0.6065017098084546,0.4860505440551649,0.37137130865026635,0.27062217483792184,0.18828620697709808,2.7296488907441407,3.384989457770351,6.114638348514491,0.9372874723244317,0.8501574139898861,0.721204939984345,0.5669135345786157,0.41146538721967163,não,Casa,Multi-gols 1-4,0.8134862832680343,0.8072003451964261,0.7539074857415476,0.4388921690620262,0.5607539944398057,0.5520261059313907
68,Mirassol,Athletico-PR,0.48214574649626013,0.25330537216489085,0.2645488813388491,1.5269132847639917,1.0592672389141007,2.5861805236780926,0.4780968926716082,0.5219031073283916,0.5099625104214345,0.7827961414696728,0.6532902834870233,1-1,0.12037165198708677,0.2714944690418911,0.5219031073283916,0.7390042310769135,0.44802702186365345,0.6651281456121751,0.8054941715893266,0.46750976203502226,0.6078757880121735,0.6804783463349603,0.3574671497256729,0.4300697080484598,0.46136367346446744,0.9261239145352618,0.7285055309581087,0.4780968926716082,0.26099576892308657,0.12062974294593543,5.594390947654075,4.967444743942594,10.56183569159667,0.8032294898319403,0.7054380016965607,0.5949912737208973,0.48101338375568437,0.3724780559338001,0.27633600693411686,2.546042824757523,2.7160539545126676,5.262096779270191,0.889108735735175,0.7618840831929907,0.5984202855303034,0.42862630967499193,0.28011664058854024,sim,Casa,Multi-gols 1-4,0.8054941715893266,0.735451118661151,0.7466946278351092,0.5178542535037399,0.5219031073283917,0.4900374895785655
69,Mirassol,Atletico-MG,0.47633065914055045,0.2528378250493944,0.27083151581005527,1.526649854955567,1.0836534410342886,2.610303295989856,0.484155207711208,0.5158447922887921,0.5164652919657364,0.7827389139634087,0.6616429716646592,1-1,0.12018707754608567,0.2668288373792438,0.5158447922887921,0.733757252171721,0.44376138595112335,0.6616738458340522,0.8038786036415713,0.46692841479247726,0.6091331725999963,0.6833728673983911,0.36011721769044786,0.43435691248884284,0.466655013063057,0.9279165936623313,0.7331711626207563,0.484155207711208,0.2662427478282791,0.12403799002076012,5.072206160530012,5.1281924032166755,10.200398563746688,0.7749851734970195,0.6700809707285735,0.5550453081891191,0.4397827994789595,0.3332149041674235,0.24155984307699874,2.6908289412273003,2.6801372516252675,5.370966192852568,0.8967534278593144,0.7751070347017741,0.615755612126732,0.4469981305374523,0.2965101252497605,sim,Casa,Multi-gols 1-4,0.8038786036415713,0.7291684841899448,0.7471621749506057,0.5236693408594497,0.515844792288792,0.48353470803426357
70,Mirassol,Internacional,0.49935286442671883,0.25012926221856985,0.25051787335471115,1.5664192303239404,1.0292050278035256,2.5956242581274656,0.48047297018331586,0.5195270298166841,0.507105364735342,0.7912100193677931,0.6427091594684029,1-1,0.11885367495194522,0.2696422366071571,0.5195270298166841,0.736952216139584,0.44634084391753814,0.6637660302404381,0.8048549952944942,0.46730997953242687,0.608398944586483,0.6816419626440581,0.35851415137695614,0.4317571694345311,0.4634424946719732,0.9268138141008538,0.7303577633928429,0.48047297018331586,0.26304778386041594,0.12195881880635971,5.666130874135113,4.26872313920322,9.934854013338333,0.7523155908537187,0.6424284343670443,0.5246038406107513,0.4091679319398418,0.3048092340040214,0.21704690910645064,2.7500753175909995,2.892481072647467,5.642556390238466,0.9137631947823244,0.8055051511910842,0.65693643033247,0.49210312158728586,0.3381124801913227,sim,Casa,Multi-gols 1-4,0.8048549952944942,0.7494821266452887,0.74987073778143,0.500647135573281,0.5195270298166841,0.49289463526465804
71,Mirassol,Sao Paulo,0.48396440421835,0.259502081945547,0.25653351383610284,1.4749381729487316,0.9954308733399603,2.470369046288692,0.44856480493119416,0.5514351950688058,0.4847391353335483,0.771208057191081,0.6304358573589254,1-0,0.12616934766914492,0.2948896175029711,0.5514351950688058,0.7638903407666015,0.46833997428526375,0.6807951199830595,0.8120060197049455,0.4690007232636303,0.6002116229855163,0.665039613474637,0.34366604541968165,0.4084940359088024,0.43518559608511326,0.9169047792164581,0.7051103824970288,0.44856480493119416,0.23610965923339852,0.10489875951151255,4.812719665474652,5.099090341178751,9.911810006653404,0.7502702451785931,0.6399636555246838,0.5219233748306661,0.4065049963328833,0.3023686215568737,0.21496655873898773,2.936872887610336,2.8103803008702135,5.747253188480549,0.9195978420272024,0.8162736778483731,0.6720000892255125,0.5091371941948679,0.3543306821056966,sim,Casa,Multi-gols 1-4,0.8120060197049455,0.7434664861638971,0.7404979180544529,0.5160355957816498,0.5514351950688059,0.5152608646664517
72,Palmeiras,Bahia,0.6567067587545224,0.2038631129940463,0.139430128251431,1.9759557781203678,0.7757528127524246,2.7517085908727923,0.518969190642772,0.48103080935722786,0.46368851180929704,0.8613797164088592,0.5396429153970309,1-0,0.12724860314072797,0.24056796683096704,0.48103080935722786,0.7026514092725521,0.4183649293538209,0.6399855292691451,0.7924481528989182,0.46208344244158506,0.6145460660713581,0.6984546977164493,0.3740832235450973,0.45799185519018853,0.49647483054140484,0.9373341199965928,0.7594320331690328,0.518969190642772,0.2973485907274478,0.1448859670976747,6.8707612273824,3.654471037895004,10.525232265277404,0.8005033231192372,0.7019792531704798,0.5910311677968609,0.4768713572358747,0.36848130691546366,0.2727492615062729,2.2440526771772284,3.0536200777238007,5.297672754901029,0.8916619316708042,0.766271957502544,0.6041356948807582,0.43464420964580763,0.28545157889184347,não,Casa,Casa ou empate (1X),0.8605698717485688,0.8605698717485688,0.7961368870059534,0.34329324124547733,0.481030809357228,0.536311488190703
73,Palmeiras,Bragantino,0.6617644997135775,0.20591602556159438,0.13231947472482827,1.9350196224317566,0.7222641712575777,2.6572837936893343,0.49586525305969725,0.5041347469403029,0.4389180741441405,0.8555858674824582,0.5143485894260892,1-0,0.13686774633392237,0.2576586188040671,0.5041347469403029,0.7234782194700149,0.4351511297047095,0.6544946022344215,0.8002121749237283,0.46581960066594774,0.6115371733552546,0.6889814145558664,0.3650610452190189,0.44250528641963055,0.47680457272880705,0.9310163827644067,0.7423413811959331,0.49586525305969725,0.2765217805299853,0.13080420784067837,7.533176376773413,4.420279653359181,11.953456030132593,0.8864324901936083,0.8165213082680933,0.728948119371647,0.628714908288538,0.5228541808384506,0.418850227891304,2.2801220715744166,3.3028677713049945,5.582989842879411,0.9102708451403,0.799146799040523,0.6481624488088671,0.4823159891348221,0.3289206248770725,não,Casa,Casa ou empate (1X),0.8676805252751719,0.8676805252751719,0.7940839744384058,0.3382355002864227,0.5041347469403028,0.5610819258558595
74,Palmeiras,Corinthians,0.6315911706421202,0.22640729277741012,0.14200153658046966,1.7463948292716824,0.6803447139070664,2.4267395431787486,0.43726603980586054,0.5627339601941397,0.4062495304453929,0.8256018942584638,0.4935576163838803,1-0,0.15548064768083858,0.30389304906631426,0.5627339601941397,0.7731127497262033,0.4756439403910907,0.6860227299231544,0.8136575269896048,0.46921970065988905,0.5968544977263396,0.6588023450675228,0.3380135865985142,0.39996143393969746,0.4250168777946662,0.9129099801969511,0.6961069509336857,0.43726603980586054,0.2268872502737969,0.09925245320734635,7.753001781707371,3.1923063410490435,10.945308122756416,0.8300324402714478,0.7400036712208495,0.6352222839246829,0.523792077397214,0.4144456803088774,0.314630231945632,2.111908959602028,2.7433408823274594,4.855249841929488,0.8557729704507486,0.7069523609360688,0.5297817706368886,0.35926363806885453,0.22107215977032635,não,Casa,Casa ou empate (1X),0.8579984634195303,0.8579984634195303,0.7735927072225899,0.3684088293578798,0.5627339601941395,0.5937504695546071
75,Palmeiras,Coritiba,0.7662844992670276,0.15054225769261578,0.08317324304035623,2.4552212339601485,0.6747559511019842,3.1299771850621325,0.6053695423725535,0.3946304576274464,0.44776068684976394,0.9141910225107874,0.49071930601789404,2-0,0.13176650322089623,0.1813542715166298,0.3946304576274464,0.6180673891501498,0.35178009930636434,0.5752170308290677,0.7500810234080821,0.43671311763351994,0.6115771102125345,0.7210573673653378,0.39830092410171775,0.5077811812545212,0.5649014157172565,0.9571496416789178,0.8186457284833699,0.6053695423725535,0.3819326108498502,0.20706861827083564,8.658141780027641,3.089962505047614,11.748104285075256,0.8764653512045583,0.8025767887125541,0.7113419450783309,0.6084076236293988,0.5012452237568985,0.3974645710701975,2.3022054927108826,3.7124983166033436,6.014703809314226,0.9328759560466828,0.8415194711896951,0.7083856767368448,0.5515345576206666,0.39593129724452614,não,Casa,Casa ou empate (1X),0.9168267569596433,0.9168267569596433,0.8494577423073838,0.233715500732972,0.39463045762744653,0.5522393131502361
76,Palmeiras,Flamengo RJ,0.4728402549338944,0.25923738168422683,0.2679223633818787,1.4684470634954112,1.0347504735568354,2.503197537052247,0.4570077382448289,0.5429922617551711,0.4947654414095399,0.7697180747482157,0.6446850152623773,1-1,0.12286764715666434,0.2881014310134524,0.5429922617551711,0.756891790981948,0.46262991035622436,0.6765294395830014,0.8103878732197124,0.4687903599684958,0.6026487936052067,0.6696637340137083,0.347757962863488,0.4147729032719896,0.44273155901959516,0.9196376486010531,0.7118985689865476,0.4570077382448289,0.24310820901805189,0.1092497753813409,6.650458541701918,3.9073671056133725,10.55782564731529,0.8029322810170462,0.7050604327038906,0.5945584093029996,0.4805600423327958,0.3720400433976945,0.27594241422580124,2.5452456365539367,2.9110726154672015,5.456318252021138,0.9024056546559601,0.7850526808284232,0.6290196607619829,0.4612979390604681,0.3094902152581256,não,Casa,Multi-gols 1-4,0.8103878732197124,0.7320776366181212,0.7407626183157732,0.5271597450661055,0.5429922617551711,0.5052345585904601
77,Palmeiras,Remo,0.7702907837862224,0.14852375044514965,0.08118546576862803,2.4731319502798828,0.668923160853708,3.1420551111335904,0.607955069493217,0.392044930506783,0.44579254449265193,0.9157164500314005,0.48774009837887256,2-0,0.13209026558958015,0.17969393603471662,0.392044930506783,0.6153649440961089,0.34970893442440387,0.5730289480137298,0.7484774074620691,0.4356710080613923,0.6111194675097318,0.7213905047644666,0.3987684730376654,0.5090395102924004,0.5667948462253801,0.9576640039176209,0.8203060639652834,0.607955069493217,0.3846350559038911,0.20918659645555163,7.5681542430744155,3.3902561651069996,10.958410408181415,0.8308928134977294,0.741130765957815,0.6365547461945475,0.5252310992897218,0.4158794108476984,0.3159587488055702,2.242599106410849,3.169652888871633,5.412251995282482,0.8995239711870813,0.7799635796385942,0.6222078954400672,0.453927669338941,0.302776010975899,sim,Casa,Casa ou empate (1X),0.918814534231372,0.918814534231372,0.8514762495548505,0.22970921621377768,0.392044930506783,0.5542074555073481
78,Remo,Botafogo RJ,0.31548797223504627,0.2498944350473209,0.43461759271763295,1.246586880776443,1.5080942326968896,2.7546811134733327,0.5196753695049359,0.4803246304950642,0.5534095692291415,0.7125158886188295,0.778669727922571,1-1,0.11821606878986182,0.24031176350700004,0.4803246304950642,0.7020015510762276,0.418100677807323,0.6397775983884865,0.7924402648104262,0.4616897875692276,0.6143524539911672,0.6984600450131142,0.37433958700310305,0.4584471780250499,0.4970622011198431,0.9377760473122589,0.7596882364930001,0.5196753695049359,0.29799844892377236,0.1453357825018328,5.818991647283966,4.244953604197673,10.063945251481638,0.7635422149800317,0.6560451836202792,0.5395085325389131,0.42407165911097033,0.3185578434634848,0.2288426819632754,2.6993610011737097,2.594432984140111,5.293793985313821,0.8913861932419428,0.7657967284498788,0.6035149254170344,0.433988727725352,0.2848688367165846,sim,Fora,Multi-gols 1-4,0.7924402648104262,0.5653824072823672,0.7501055649526792,0.6845120277649539,0.48032463049506413,0.44659043077085847
79,Remo,Bragantino,0.3772801492743925,0.2553099966581553,0.3674098540674523,1.3604864484830235,1.339071575372949,2.699558023855972,0.50626798943668,0.49373201056331995,0.547172390182232,0.7434645260507133,0.7379115364145332,1-1,0.1210496355327806,0.2501786616902131,0.49373201056331995,0.7141890425018583,0.42793568284633454,0.648392714784873,0.7971770661227313,0.4640103808116455,0.6127947321495038,0.6931252455683682,0.3692413832763969,0.44957189669526143,0.485714762348994,0.9342036722830146,0.7498213383097869,0.50626798943668,0.2858109574981415,0.13702660616028328,5.927412616667242,6.030120819359893,11.957533436027134,0.8866231286573193,0.8167899966484264,0.7292898690948681,0.6291119950480817,0.5232798285092797,0.4192745683897805,2.532202281173358,2.807207155970839,5.339409437144197,0.8945887356843907,0.7713366943211987,0.6107783816434342,0.44168685222220283,0.29173816483610215,sim,Casa,Multi-gols 1-4,0.7971770661227313,0.6325901459325478,0.7446900033418449,0.6227198507256075,0.49373201056331995,0.45282760981776804
80,Remo,Chapecoense-SC,0.5640305179731209,0.2211601503098442,0.2148093317170351,1.8851987810028807,1.0753870924761093,2.96058587347899,0.5679298712540819,0.43207012874591827,0.5575949234336036,0.8482071767187932,0.6588343971538068,1-1,0.10375707659012819,0.2063403083532448,0.43207012874591827,0.6560546399919461,0.3815167791849145,0.6055012904309425,0.7712851514202397,0.44971433163870134,0.6154981926279987,0.7136631538090136,0.38976837223532523,0.48793333341634015,0.5363717014324134,0.9494466504389962,0.7936596916467553,0.5679298712540819,0.3439453600080538,0.17816149901875653,6.507402438695785,4.479090243776493,10.986492682472278,0.8327248195744975,0.7435344932554167,0.6394009406986836,0.5283097616982374,0.4189515957226313,0.31880997816795076,2.188209911775267,2.2482838497389777,4.436493761514244,0.8123986993730555,0.6410400700006988,0.4538211224963613,0.2884559677937216,0.16546592211500566,sim,Casa,"Mais de 1,5 gols",0.7936596916467553,0.785190668282965,0.778839849690156,0.4359694820268793,0.4320701287459181,0.4424050765663964
81,Remo,Corinthians,0.35816584203526586,0.26766886775378024,0.3741652902109537,1.2278475907424808,1.2613539433474241,2.489201534089905,0.45341429103272973,0.5465857089672701,0.5052745167147659,0.7070778147470937,0.7167300205983258,1-1,0.1270000113397398,0.29102972802717,0.5465857089672701,0.7598816914098931,0.465119027597924,0.6784150100405469,0.8111492764078333,0.46885196338272317,0.6015862297500094,0.6676667447838118,0.3460302488099094,0.4121107638437117,0.4395254032999225,0.9185333186306537,0.7089702719728299,0.45341429103272973,0.2401183085901066,0.10738404222282028,6.1003802751289475,4.354926483962492,10.455306759091439,0.7952121844758875,0.6952950029613334,0.5834107578879906,0.46893496608784657,0.3608560134407274,0.2659354427782479,2.345392271669948,2.331648339980081,4.677040611650028,0.8385335390550395,0.680073210435613,0.49801482046528756,0.32891185422346425,0.19665337861725518,sim,Fora,Multi-gols 1-4,0.8111492764078333,0.6258347097890461,0.7323311322462196,0.641834157964734,0.5465857089672703,0.49472548328523414
82,Remo,Gremio,0.3807181758089901,0.25194043305316144,0.36734139113784847,1.3957199617226879,1.3664023812851838,2.7621223430078716,0.5214696686319171,0.478530331368083,0.5590662406868295,0.7523459235104903,0.7449777127592255,1-1,0.11903397446384886,0.23902053441108856,0.478530331368083,0.700351703855021,0.4167877269509692,0.6386090994379073,0.7917838107204646,0.4613311694439325,0.6145058807264897,0.6991234878161812,0.37499608376949534,0.4596136908591868,0.4985677897964524,0.9382573955828865,0.7609794655889116,0.5214696686319171,0.2996482961449789,0.14647358486242174,5.610895250453333,5.049516127686739,10.660411378140072,0.8104238084184275,0.7146148387965594,0.6055550582284428,0.4921221599362495,0.3832551765706469,0.28605991539166653,2.759516929392937,2.7158310212421175,5.475347950635054,0.9036264289031335,0.7872204311889851,0.6319371228741241,0.46447192183433184,0.31239751386806547,sim,Casa,Multi-gols 1-4,0.7917838107204646,0.6326586088621515,0.7480595669468386,0.6192818241910099,0.4785303313680829,0.44093375931317047
83,Santos,Bahia,0.4526730387851346,0.25069083320074637,0.296636128014119,1.523397663790077,1.182857246214067,2.706254910004144,0.507907788698148,0.49209221130185204,0.5410018467049986,0.7820311646589975,0.6935981268702446,1-1,0.11893297579911571,0.24894011213130746,0.49209221130185204,0.71271171218382,0.4267196561260954,0.6473391570080633,0.7966026781880788,0.46377160005251256,0.613035121232528,0.693824348534702,0.36988302206198326,0.45067224936415745,0.4871117133653828,0.9346274448242433,0.7510598878686926,0.507907788698148,0.2872882878161799,0.13802476663616453,5.478513790080292,5.009430823751042,10.487944613831335,0.7976954686992652,0.698427422353936,0.5869765379937287,0.47264303168704835,0.36441337599116175,0.2691094540423331,2.590172828465689,2.91917096332005,5.509343791785739,0.9057723616554846,0.7910484144011556,0.6371125575804273,0.47012816236963584,0.31760221125900845,não,Casa,Multi-gols 1-4,0.7966026781880788,0.703363871985881,0.7493091667992535,0.5473269612148653,0.492092211301852,0.4589981532950014
84,Santos,Botafogo RJ,0.3996498212329207,0.25992041830552115,0.3404297604615582,1.366935873750252,1.2403111904235729,2.607247064173825,0.4833888371445284,0.5166111628554717,0.5280884822074272,0.7451137308178569,0.7107060431493947,1-1,0.12354765070216507,0.26745635686917857,0.5166111628554717,0.7344235785080634,0.444342454615296,0.6621548702678878,0.8041277310534259,0.4669672216388849,0.608940082424423,0.6829718336053247,0.3597852764381298,0.4338170276190314,0.46598690943415527,0.9277312917598244,0.7325436431308215,0.4833888371445284,0.26557642149193655,0.12360356070639855,5.896830063772574,4.265407613413035,10.162237677185608,0.771828631847626,0.6661931026746815,0.5507238252245874,0.4353947410076182,0.3291043536379531,0.23797865354333925,2.8055393722333686,2.9181237826022985,5.723663154835667,0.9183161348841414,0.8138920674332921,0.6686459982496481,0.5053187847987177,0.3506707247252995,não,Casa,Multi-gols 1-4,0.8041277310534259,0.6595702395384418,0.740079581694479,0.6003501787670793,0.5166111628554716,0.4719115177925728
85,Santos,Flamengo RJ,0.2745573538621317,0.24749300191327583,0.4779496442245923,1.1320932704829665,1.5777656616158136,2.70985893209878,0.5087892226530782,0.49121077734692187,0.536357668838902,0.6776423331811432,0.7935657554229268,1-1,0.1174669907222526,0.2482716917960782,0.49121077734692187,0.7119161158561975,0.4260611971120898,0.6467665356213654,0.7962871114799435,0.4636444240601193,0.6131649999186972,0.6942012005147826,0.3702259143678535,0.45126211496393887,0.48786168088399534,0.934850419765168,0.751728308203922,0.5087892226530782,0.2880838841438024,0.13856330828522465,5.302851842073396,5.35609258237413,10.658944424447526,0.8103183125261505,0.7144797493859825,0.6053989492104923,0.4919573616759443,0.38309468032720906,0.28591454482466483,2.937821449835867,2.7828997828447744,5.720721232680641,0.9181549676506784,0.8135932443338798,0.6682260717825552,0.5048417661793031,0.3502144958525035,não,Fora,Multi-gols 1-4,0.7962871114799435,0.5220503557754075,0.752506998086724,0.7254426461378681,0.49121077734692176,0.463642331161098
86,Santos,Gremio,0.46795892351695756,0.25162288404452265,0.28041819243851984,1.5304645241064967,1.1237767611018703,2.654241285208367,0.4951019260788634,0.5048980739211367,0.5274470062646518,0.7835661434813841,0.6749502566953036,1-1,0.11957742139864788,0.2585039795793025,0.5048980739211367,0.7241524617197003,0.43596746783317253,0.6552218556317362,0.8007107381683609,0.4656484821403978,0.6111373646770225,0.6883700810820512,0.36474327033518833,0.441975986740217,0.47614178449340044,0.931069393912036,0.7414960204206974,0.4951019260788634,0.2758475382802998,0.13035865574367506,5.685950041360723,5.073846864613213,10.759796905973936,0.8174619763243117,0.7236630992476867,0.616052747307466,0.5032482476478426,0.39413397890882584,0.2959527619026959,2.8680615117393122,3.0546678758181094,5.922729387557421,0.9285601490776909,0.8331943663561638,0.6962141055259423,0.537149415881112,0.3816168505337214,não,Casa,Multi-gols 1-4,0.8007107381683609,0.7195818075614802,0.7483771159554774,0.5320410764830426,0.5048980739211366,0.4725529937353482
87,Santos,Palmeiras,0.2692912340315845,0.26105876567523234,0.46965000029318327,1.0286040276620105,1.450732879597287,2.4793369072592975,0.45087643674428607,0.5491235632557139,0.49042649724281234,0.6424943628303854,0.7656023740634581,1-1,0.12357820583407356,0.29303216631599893,0.5491235632557139,0.7619833352020556,0.4667938029067454,0.679653574853087,0.8115915600870658,0.4689511688860566,0.6008891541200354,0.6663130030264967,0.34479775718032035,0.4102216060867817,0.4372562769471411,0.9176702396510314,0.7069678336840011,0.45087643674428607,0.2380166647979445,0.1060786795639658,4.423556820409028,5.906216320208048,10.329773140617077,0.7854365457425084,0.68304325539008,0.5695535525215538,0.45461720863310706,0.347208115839414,0.2538361590350211,3.045538300800295,2.728449599528216,5.77398790032851,0.9210277866997562,0.818941701105522,0.6757730504063075,0.5134501871134559,0.3584817629094762,não,Fora,Multi-gols 1-4,0.8115915600870658,0.5303499997068168,0.7389412343247678,0.7307087659684156,0.5491235632557139,0.5095735027571877
88,Sao Paulo,Corinthians,0.46267161335973583,0.28366348485717496,0.2536649017830893,1.2837258810519823,0.8689596299612995,2.152685511013282,0.36457407803219627,0.6354259219678039,0.41825892677445253,0.7229970023358818,0.5806123686298189,1-0,0.15065474307961066,0.3677748345652586,0.6354259219678039,0.8285744201190507,0.5207763661590524,0.7139248643102992,0.8178719163729107,0.4607995855537921,0.5647466376164036,0.6094997254671674,0.2970955502138583,0.341848638064622,0.3579052010970829,0.8853504441912485,0.6322251654347414,0.36457407803219627,0.17142557988094942,0.06747852781833791,6.725751742181369,3.519608795526985,10.245360537708354,0.7786610423891587,0.6746241764094847,0.560112720203285,0.44494611286574925,0.3380684471069648,0.2458030004062286,2.446727495734935,2.74951604695018,5.1962435426851155,0.8842373758272561,0.7535885656223063,0.5877133902834488,0.41745531745252484,0.27030344564423936,não,Casa,"Menos de 3,5 gols",0.8285744201190506,0.7463350982169108,0.7163365151428251,0.5373283866402643,0.6354259219678038,0.5817410732255475
89,Sao Paulo,Fluminense,0.4346029166800496,0.2814650741448887,0.2839320091750616,1.266883161822764,0.9645063207664114,2.2313894825891754,0.3856908058640495,0.6143091941359503,0.4429586028034089,0.7182919711089084,0.6188286945793802,1-0,0.137577861203524,0.3485246266325911,0.6143091941359503,0.8131451731897096,0.5084712570208306,0.7073072360745898,0.8182274197572978,0.4646205465571185,0.5755407302398265,0.6250419812981344,0.3097561627364673,0.359257413794775,0.37766685151673046,0.8941620628848801,0.6514753733674087,0.3856908058640495,0.18685482681029028,0.07593464312758226,6.144835210848859,3.9387230139567935,10.083558224805653,0.7652136672738818,0.6580853812686227,0.5417558867415756,0.42633311882328073,0.32065723721812744,0.23065526707724193,2.7187268427254,3.354416222847841,6.073143065573241,0.9354898391518947,0.846621422339219,0.7159333148212981,0.5605604844580334,0.40501914143731543,não,Casa,Multi-gols 1-4,0.8182274197572978,0.7160679908249383,0.7185349258551113,0.5653970833199503,0.6143091941359504,0.5570413971965911
90,Sao Paulo,Remo,0.6029224153235906,0.22345553826846215,0.17362204640794743,1.8182386937365966,0.8543716333178945,2.6726103270544908,0.4996485866984905,0.5003514133015096,0.47995223338205967,0.8376932771680494,0.5744494991235062,1-0,0.12684768303099328,0.25492859021237346,0.5003514133015096,0.7201166327294055,0.43254195621100544,0.6523071756389012,0.7991456404084418,0.465188042517032,0.6120265072865726,0.6905158507486753,0.36660368419743633,0.44509302765953906,0.48005535313502445,0.9321905429094959,0.7450714097876266,0.4996485866984905,0.27988336727059465,0.13304490250105405,6.565395961284753,3.7378541226964486,10.303250083981201,0.7833252376321966,0.6804134998106729,0.5665975809445056,0.45158189732322374,0.34433274399402924,0.25130287242939453,2.598137041191399,3.176787666948887,5.774924708140286,0.9210774614014773,0.8190345952897932,0.675904713314156,0.5136010357373405,0.3586272768520167,sim,Casa,Casa ou empate (1X),0.8263779535920528,0.8263779535920528,0.776544461731538,0.3970775846764096,0.5003514133015095,0.5200477666179404
91,Sao Paulo,Santos,0.5036388933844423,0.2584382343147283,0.23792287230082934,1.4954019318604563,0.9368558627915605,2.432257794652017,0.4386971085952396,0.5613028914047605,0.47037712158755357,0.7758425477128519,0.6081420629232765,1-0,0.1327987503492658,0.3029280616982032,0.5613028914047605,0.7719532420110087,0.47491038045333545,0.6855607310595836,0.8136499951850652,0.4690251803128055,0.5971144444382872,0.6594238003429462,0.33873961473172987,0.40104897063638884,0.42630776092715866,0.913607489048575,0.6970719383017969,0.4386971085952396,0.22804675798899138,0.09995749386350967,6.59703085815661,3.7878539617771443,10.384884819933754,0.7897722602688795,0.6884617194454128,0.5756645679098635,0.46091327416465244,0.35319241719518735,0.2591261845942776,2.922289971145057,3.3017454401153445,6.2240354112604015,0.9418034034049461,0.8591426547372915,0.7347550798949665,0.5834320428045419,0.428420207984894,não,Casa,Multi-gols 1-4,0.8136499951850652,0.7620771276991707,0.7415617656852717,0.49636110661555766,0.5613028914047604,0.5296228784124464
92,Sao Paulo,Vasco,0.5436372740957094,0.24297595037477507,0.21338677552951557,1.6434254094119078,0.9266139339527434,2.5700393433646513,0.4740257290616224,0.5259742709383776,0.4859563313609881,0.8066854588008012,0.6041080571210267,1-0,0.1271439068252573,0.2745908909016528,0.5259742709383776,0.7425030634644607,0.4508114554992173,0.6673402480253005,0.8064628106712174,0.46791217256280787,0.607034735208725,0.6785451785501961,0.35565135517200014,0.4271617985134715,0.4577927245211916,0.9248371845608396,0.7254091090983471,0.4740257290616224,0.25749693653553923,0.1183743738896223,6.237853581599157,3.8456153545508966,10.083468936150053,0.7652060783193007,0.6580761104405908,0.541745666150218,0.4263228255983875,0.32064767376964065,0.23064700333148447,2.562234194839728,3.2787251130977846,5.840959307937513,0.9245065549263927,0.8254819024821469,0.6850923368825456,0.5241846780296887,0.36889222109633824,não,Casa,Multi-gols 1-4,0.8064628106712174,0.7866132244704844,0.757024049625225,0.4563627259042906,0.5259742709383777,0.514043668639012
93,Sao Paulo,Vitoria,0.5603540636717557,0.2520122063932773,0.18763372993496724,1.556818308589746,0.7765624976999553,2.3333808062897012,0.4127949282466413,0.5872050717533589,0.4248010183350007,0.7891957041691287,0.5400155087715222,1-0,0.15233717925519874,0.324604594783382,0.5872050717533589,0.7925256540001048,0.4916152663590091,0.6969358486057551,0.8167090137124428,0.4679210592167228,0.5876942243234106,0.6435896866202548,0.32509374735343377,0.38098920965027805,0.4027268466701883,0.9044101946056504,0.675395405216618,0.4127949282466413,0.20747434599989542,0.08770118089320757,6.450832259749751,3.57368530111929,10.024517560869041,0.7601548597810259,0.651920857447176,0.5349767756789277,0.41952284125193917,0.31434555101238715,0.22521492444009084,2.65216998077641,3.614913271568462,6.267083252344872,0.9434949035681743,0.8625474085112137,0.7399493262269501,0.5898377026506332,0.43507128620292956,não,Casa,Multi-gols 1-4,0.8167090137124428,0.8123662700650329,0.747987793606723,0.43964593632824456,0.5872050717533587,0.5751989816649993
94,Vasco,Corinthians,0.41215690248469117,0.2673111107217391,0.3205319867935699,1.331668720880232,1.1400710748413552,2.471739795721587,0.44891790529658776,0.5510820947034124,0.499099930854435,0.735964112241475,0.6802038156881747,1-1,0.12668755454845837,0.294651458661136,0.5510820947034124,0.7635994141028576,0.46815009177862665,0.6806674111780718,0.8119894001709136,0.46894795544172163,0.6002699444345633,0.66518875610326,0.3438393083922869,0.40875812006098367,0.4355018775281446,0.9170679970752146,0.7053485413388642,0.44891790529658776,0.2364005858971426,0.10507859690430082,6.276252439116514,4.137662667381691,10.413915106498205,0.7920283637085825,0.691290948498904,0.5788663984332705,0.464223416888763,0.35634947779904114,0.2619265756588317,2.420651723498852,2.2994280179688724,4.720079741467725,0.8428561576083371,0.6867238716110254,0.5057702729118231,0.33622249081644395,0.20245556057807024,não,Casa,Multi-gols 1-4,0.8119894001709136,0.6794680132064302,0.732688889278261,0.587843097515309,0.5510820947034123,0.500900069145565
95,Vasco,Flamengo RJ,0.2467184091009861,0.23446667586720796,0.5188149150318061,1.1197169863348635,1.7339379598292644,2.8536549461641285,0.5432411886352865,0.4567588113647136,0.5533615313074252,0.6736279422919956,0.82341562866449,1-1,0.11058119034378662,0.22341008745950203,0.4567588113647136,0.6799761706323048,0.4004408510137739,0.6236582102813651,0.7829057148947008,0.4565660831728028,0.6158135877861385,0.7067017438284228,0.3824648638809269,0.47335301992321127,0.5165805780191456,0.9436820396490605,0.7765899125404981,0.5432411886352865,0.32002382936769547,0.1607763247543597,5.383715600592564,5.06447855356477,10.448194154157335,0.7946678364598362,0.6946094628985003,0.5826316278020338,0.46812604702980143,0.360081216692129,0.2652452508329398,2.9173384623611986,2.4400182921008944,5.357356754462093,0.8958249076987921,0.7734872178310213,0.6136138937417035,0.44470904505084374,0.29445022015983247,não,Fora,Multi-gols 1-4,0.7829057148947008,0.48118508496819407,0.7655333241327922,0.753281590899014,0.4567588113647135,0.44663846869257484
96,Vasco,Internacional,0.40926219770523564,0.260347362496456,0.3303904397983085,1.380000500321095,1.211707557204856,2.5917080575259512,0.4794873998019982,0.520512600198002,0.5241546985001333,0.7484221138776902,0.7023116565001916,1-1,0.1237602687570634,0.270460602855078,0.520512600198002,0.7378041438742513,0.44709167207575023,0.6643832157519998,0.8051724439283324,0.46734354101917347,0.6081327691955062,0.681109771190652,0.3580807718525822,0.43105777384772814,0.46258032526012133,0.9265790718777484,0.7295393971449221,0.4794873998019982,0.26219585612574875,0.12140662794941597,5.829483755976539,4.055759938890777,9.885243694867317,0.7478966918073727,0.6371094662004602,0.5188260434661816,0.40343448504157164,0.2995604635897595,0.21257802201477805,2.8383203260657366,2.8525107778246968,5.690831103890433,0.9165006681679786,0.8105342852915817,0.6639390496141306,0.4999850618040801,0.3455820128664441,não,Casa,Multi-gols 1-4,0.8051724439283324,0.6696095602016916,0.7396526375035442,0.5907378022947645,0.5205126001980018,0.4758453014998667
97,Vasco,Remo,0.5535387346041798,0.22159012262910782,0.22487114276671227,1.8861328419746979,1.12093173625636,3.007064578231058,0.57839887539768,0.42160112460231974,0.5705800727533649,0.8483489216018467,0.6740241630052684,1-1,0.10329081733662862,0.19931741887694343,0.42160112460231974,0.6456421376943086,0.3733941364560703,0.597435149548059,0.7658641321252275,0.44632471881736513,0.6147537013945336,0.7160505908540805,0.39246999566915725,0.49376688512870426,0.5445353636152694,0.9517930118537505,0.8006825811230562,0.57839887539768,0.3543578623056914,0.18592887972852296,6.1266136478618725,4.39423252926726,10.520846177129133,0.8001746519283837,0.7015629448420262,0.5905552965199874,0.47637444254680306,0.3680026087095505,0.27232037623477057,2.570447635713129,2.656756477789197,5.227204113502326,0.8865513836767208,0.7575168076637396,0.5927676139052391,0.4227120369441042,0.2749066646750634,sim,Casa,"Mais de 1,5 gols",0.8006825811230562,0.7751288572332876,0.7784098773708921,0.4464612653958201,0.42160112460232,0.42941992724663514
98,Vasco,Vitoria,0.5139906908818384,0.24563724696717706,0.24037206215098453,1.6149579577636084,1.0188466506513185,2.633804608414927,0.4900255169710611,0.5099744830289389,0.51050822722417,0.8011028694944105,0.638988967686099,1-0,0.11734897093294823,0.2623103625254131,0.5099744830289389,0.728626629749443,0.43955809298527837,0.6582102397057826,0.8021825882365681,0.46631626722402997,0.6102886157548155,0.6861279338767309,0.3626244952512898,0.438463813373205,0.4717549408703206,0.9295836099563395,0.7376896374745867,0.4900255169710611,0.27137337025055686,0.12740102171977133,6.019706533422339,4.201235169716638,10.220941703138976,0.7766704717171056,0.6721618160750724,0.5573638977603079,0.4421428755633596,0.3354311393913365,0.24349539653621832,2.6239047242365396,3.023162155533568,5.647066879770108,0.9140224476475802,0.8059797131499923,0.6575948214430287,0.49284149832804647,0.33880968026025493,não,Casa,Multi-gols 1-4,0.8021825882365681,0.7596279378490154,0.7543627530328229,0.4860093091181616,0.5099744830289389,0.48949177277583
99,Vitoria,Athletico-PR,0.34677540710245,0.27981178073964424,0.3734128121579058,1.1273619546741656,1.181376264983842,2.308738219658008,0.40627726153921556,0.5937227384607843,0.4670893649290787,0.676113539415575,0.6931440134605554,1-1,0.13081219281328377,0.3303986821214201,0.5937227384607843,0.7975680409944245,0.49589092640783583,0.699736228941476,0.8173926331183078,0.4671693588730044,0.584825763049836,0.6391533507715593,0.3215017067104718,0.37582929443219515,0.3967339986024389,0.9021681879470514,0.6696013178785798,0.40627726153921556,0.20243195900557542,0.08477555482874378,5.348681901990262,4.8807646929003585,10.229446594890621,0.777365333572763,0.673020802085033,0.5583221826825366,0.4431194855995335,0.33634933528582456,0.24429827330395193,2.897179466211303,2.772539188704362,5.669718654915664,0.9153135323573431,0.8083483871642851,0.6608884758403255,0.496543650490326,0.34231329513232556,não,Fora,Multi-gols 1-4,0.8173926331183078,0.6265871878420942,0.7201882192603557,0.65322459289755,0.5937227384607844,0.5329106350709213
100,Vitoria,Bragantino,0.38472544642984247,0.274351942929105,0.3409226106410524,1.236585595866308,1.1465307198390053,2.3831163157053132,0.4258742020208637,0.5741257979791361,0.48261529439324713,0.7096262345290717,0.6822629338778141,1-1,0.12927200041835135,0.313671292241831,0.5741257979791361,0.7822441579489083,0.483399671992775,0.6915180319625472,0.8155106603192853,0.46857286570707746,0.5925654940638154,0.6516632954842964,0.3321109883265104,0.3912087897469913,0.41468162424140836,0.9092738740136386,0.6863287077581688,0.4258742020208637,0.21775584205109147,0.0937632136943533,5.667077057189104,5.9248974686521985,11.591974525841302,0.8683922323268816,0.7914248965124696,0.6974398202718641,0.5925756073695327,0.48461173431033255,0.38121154066229124,2.8814301087050858,2.8655880851737217,5.747018193878807,0.9195851668936358,0.8162500802470706,0.6719667922464762,0.5090992150835354,0.3542942092214494,não,Casa,Multi-gols 1-4,0.8155106603192853,0.6590773893589474,0.7256480570708949,0.6152745535701574,0.5741257979791363,0.5173847056067529
101,Vitoria,Chapecoense-SC,0.5620254573984399,0.23566021815144964,0.20231432445011055,1.71353244501503,0.9207598110826978,2.6342922560977273,0.4901484780581306,0.5098515219418694,0.4919972138324334,0.8197749720707296,0.6017836589824722,1-0,0.12430904245647874,0.26215919444221086,0.5098515219418694,0.7285189026756509,0.4394129391626376,0.6580803198964191,0.8020897846626309,0.46635970823344014,0.6103691729996519,0.6862423128256576,0.36267684549999335,0.43854998532599915,0.47186222488609925,0.9295614172207682,0.7378408055577893,0.4901484780581306,0.2714810973243491,0.12747163255813723,6.2215933742376075,4.400931795929284,10.622525170166892,0.8076840970150934,0.711111657103336,0.6015126351736336,0.48786088913735015,0.37911113169105093,0.282311830178569,2.4899961471618677,2.295040962045569,4.785037109207437,0.8491863356257641,0.6965695041826294,0.5173767146403649,0.3472827083767899,0.21132956619946697,não,Casa,Multi-gols 1-4,0.8020897846626309,0.7976856755498896,0.7643397818485504,0.4379745426015602,0.5098515219418693,0.5080027861675667
102,Vitoria,Fluminense,0.3358926212378862,0.280141945003855,0.3839654337582593,1.101383182437322,1.1987374208573278,2.3001206032946495,0.40399333558399836,0.5960066644160019,0.46470668383815567,0.6675890987386263,0.6984254318894457,1-1,0.13079817808316893,0.33238072274970704,0.5960066644160019,0.7993224235425048,0.4973145112059185,0.7006302703324214,0.8175430064619935,0.46694170079279795,0.5838544369223699,0.6376371360226333,0.320228495256075,0.3740111943563384,0.39462898458653556,0.9013078467899168,0.667619277250293,0.40399333558399836,0.20067757645749534,0.08376484032792328,5.328687768700732,4.788469216157182,10.117156984857914,0.7680561269081125,0.6615627169986199,0.5455949048195213,0.43020491001073713,0.3242596344818731,0.23377251205590233,2.9655493570912186,2.903775536549362,5.869324893640581,0.9259364494394092,0.8281909797194722,0.6889824406313962,0.5287001663553356,0.37330522547046907,não,Fora,Multi-gols 1-4,0.8175430064619935,0.6160345662417412,0.7198580549961455,0.6641073787621143,0.5960066644160016,0.5352933161618443
103,Vitoria,Santos,0.39824234144276954,0.2685345447429977,0.3332231138142329,1.3000516595668563,1.1643721423639932,2.4644238019308493,0.4470294787954712,0.5529705212045288,0.49890960402024326,0.7274826150481699,0.6878815622274126,1-1,0.12724348864954987,0.29618834926200827,0.5529705212045288,0.7651530032243704,0.4694250944598682,0.6816075764797098,0.8123345619999084,0.46896465396236214,0.5996916394825608,0.6641250256151637,0.34290946754004015,0.40734285367264317,0.43380806812952916,0.9164545732553394,0.7038116507379917,0.4470294787954712,0.23484699677562965,0.10412001125543106,5.720823494426021,4.605051441037394,10.325874935463414,0.7851272462717777,0.6826576463926721,0.569119706048016,0.4541713030253979,0.34678531346498165,0.25346331150714896,3.187593181106739,2.8581806788367783,6.045773859943518,0.9342777914396277,0.8442499098006425,0.712416468081431,0.5563446349254826,0.4007641101760795,não,Casa,Multi-gols 1-4,0.8123345619999084,0.6667768861857672,0.7314654552570025,0.6017576585572306,0.5529705212045288,0.5010903959797568
